SMILES,LOAEL_mg_kg_bw_day
'COc1cc(c(C)cc1N=Nc2c(O)ccc3cc(ccc23)S(OH)(=O)=O)S(OH)(=O)=O',3739
'O1C(=O)C(O)=C(O)C1C(O)CO',3051
'C1(C)=C(C=CC(C)=CC=CC(C)=CC=CC=C(C)C=CC=C(C)C(=O)OC)C(C)(C)CCC1',500
'c(cccc1)(c1)C(C)C',462
'O=C(OCCCC)c(c(ccc1)C(=O)OCCCC)c1',600
'O=C(OCC)c(c(ccc1)C(=O)OCC)c1',4435
'O=C(OC(OC(OC1C)C)C1)C',125
'Oc(c(ccc1)C)c1C',6
'Oc(ccc(c1C)C)c1',14
'O=C(OCC)C=C',248
'c(cccc1)(c1)CC',408
'OCCO',250
'c(ccc1C(=O)OCC(=O)OCC)cc1C(=O)OCC',2500
'O=C',82
'O=C(O)C=CC(=O)O',1081
'OCC(O)CO',6883
'O=C(OC)c(ccc(O)c1)c1',1500
'O=C(OCCC)c(ccc(O)c1)c1',1500
'CC(CCC(=O)(O))C3CCC4C2CCC1CC(O)CCC1(C)C2CCC34C',500
'OC(C(CCC1C)C(C)C)C1',593
'O=C(O)C(=C)C',248
'O=C(OC)c(c(O)ccc1)c1',360
'Oc(cccc1)c1',344
'O=C(OCCC)c(cc(O)c(O)c1O)c1',864
'OCC(O)C1C(O)=C(O)C(=O)O1',1554
'c(cccc1)(c1)C=C',21
'O=Cc(occ1)c1',60
'NCCNc1cccc2ccccc12',79
'CN(C)(C)CCCl',275
'O=C(Nc(ccc(c1)C(=O)CCl)c1)C',1580
'c(ccc(c1)Cl)(c1)C(c(ccc(c2)Cl)c2)C(Cl)(Cl)Cl',32
'CC(Oc1cc(Cl)c(Cl)cc1Cl)C(=O)(O)',8.7
'O=N(=O)C(=CC=C1OC)C=C1N=NC(C(O)=C2C(=O)NC(=CC=C4)C=C4N(=O)=O)=C(C=C3)C(=C2)C=C3',2100
'O=N(=O)C(C=C1)=CC(OCCO)=C1NCCO',229
'Cc1cccc(CC)c1N(C(=O)CCl)COCC',50
'Clc(cc(c1)C(F)(F)F)c(c1)Oc(ccc2N(=O)(=O))cc2C(=O)OH',180
'CCc1cccc(CC)c1N(COC)C(=O)CCl',15
'O=C(Nc(ccc(OCC)c1N)c1)C',1185
'Oc(ccc(N)c1)c1',686
'CC(N)CC(=CC=C1)C=C1',5
'O(c(ccc(c1)C=CC)c1)C',344
'COc1ccc(N)cc1',474
'O=C(O)c(c(N)ccc1)c1',2751
'Clc2cccc(c2)c1ccccc1',4
'O=C(NC(C(=O)OC)Cc(cccc1)c1)C(N)CC(=O)O',147
'n1c2ccc(Cl)cc2ncc1Oc3ccc(OC(C)C(=O)OCC)cc3',3.7
'COC(=O)NS(=O)(=O)c1ccc(N)cc1',180
'S=P(OC)(OC)SCN1N=Nc2ccccc2C1(=O)',0.36
'CNC(=O)Oc1ccccc1OC(C)C',50
'CC(C)(C)C(=O)C(Oc1ccc(Cl)cc1)n2cncn2',25
'O=S(O)(=O)C(=CC=C1)C=C1CN(CC)=C(C=C2)C=CC2=C(C(C=C3)=CC=C3N(C)C)C(C=C4)=CC=C4N(CC)CC(C=C5)=CC(=C5)S(=O)(=O)O',720
'c(c(cccc1)c1)(cccc2)c2',250
'BrC(Cl)Cl',130
'ClC(Cl)C(Cl)(Cl)SN2C(=O)C1CC=CCC1C2(=O)',12
'O=C(Oc(c(c(ccc1)cc2)c1)c2)NC',15.6
'CC1=C(SCCO1)C(=O)Nc2ccccc2',30
'ClC1CC2C(C1Cl)C3(Cl)C(=C(Cl)C2(Cl)C3(Cl)Cl)Cl',0.27
'O=C(O)CCl',30
'ClC(=CC=C1N)C=C1',6
'CC(C)OC(=O)C(O)(c1ccc(Cl)cc1)c2ccc(Cl)cc2',9
'n1c(OC)nc(C)nc1NC(=O)NS(=O)(=O)c2ccccc2Cl',25
'OS(=O)(=O)C(C(=CC=C2)C1=C2)=CC=C1N=NC(C(O)=C3N=NC(C(C=C5)=C4C=C5)=CC=C4S(O)(=O)=O)=CC(=C3O)CO',736
'S=P(OCC)(OCC)Oc1ccc2C(C)=C(Cl)C(=O)Oc2c1',0.8
'CNP(=O)(OC)Oc1ccc(cc1Cl)C(C)(C)C',4
'n1c(N)nc(N)nc1NC2CC2',15
'COC(=O)c1c(Cl)c(Cl)c(C(=O)OC)c(Cl)c1Cl',500
'O=C(O)C(Cl)(Cl)C',28.17
'Nc1cc(N)c(O)cc1',25
'FC(F)(Cl)Cl',150
'ClCCl',50
'O=P(OC)(OC)OC=C(Cl)Cl',2.3
'OC(c1ccc(Cl)cc1)(c2ccc(Cl)cc2)C(Cl)(Cl)Cl',20
'ClC4=C(Cl)C5(Cl)C3C1CC(C2OC12)C3C4(Cl)C5(Cl)Cl',0.05
'CN(=C1C(C=C2)=CC=C2)N(C)C(=C1)C(C=C3)=CC=C3',125
'O=C(NC(=O)c(c(F)ccc1)c1F)Nc(ccc(c2)Cl)c2',8
'CC1=C(C)S(=O)(=O)CCS1(=O)=O',10
'O=C(NC)CSP(OC)(OC)=S',0.25
'COc1ccc(N)c(OC)c1',276
'COP(=O)OC',100
'CC(=C(N(=O)=O)C=C1N(=O)=O)C=C1',34
'CN(C)C(=O)C(c1ccccc1)c2ccccc2',30
'N(c(cccc1)c1)c(cccc2)c2',31
'C(C=C1)(=N(C=C1)CC2)C(N2=C3)=CC=C3',0.58
'CCOP(=S)(OCC)SCCSCC',0.1
'NC(=S)NNC(N)=S',947
'O=C(N(C)C)Nc(ccc(c1Cl)Cl)c1',6
'O=P(O)(O)CCCl',150
'O=C(OCC)C(O1)C1(c(cccc2)c2)C',175
'COC(=O)NC(=NC1=C2)NC1=CC(=C2)SC(C=C3)=CC=C3',15
'CN1C=C(c2ccccc2)C(=O)C(c3cc(C(F)(F)F)ccc3)=C1',25
'c1cc(C(F)(F)F)cc(Cl)c1NC(C(C)C)C(=O)OC(C(#N))c2cccc(Oc3ccccc3)c2',2.5
'S=P(OCC)(Sc1ccccc1)CC',1.58
'n1c(C)nc(OC)nc1NC(=O)NS(=O)(=O)c2ccsc2C(=O)OC',25
'C(C(C(C(C1Cl)Cl)Cl)Cl)(C1Cl)Cl',5
'O=N(=O)N(CN1N(=O)=O)CN(C1)N(=O)=O',1.5
'O=C(N=C(N(C1(=O))C)N(C)C)N1C(CCCC2)C2',50
'n(c(c(ccc1)cc2)c1O)c2',143
'c1cc(Cl)cc(Cl)c1C(OCC=C)Cn2cncc2',40
'COc1cccc(OC)c1C(=O)Nc2onc(C(C)(CC)CC)c2',50.7
'n1c(OC)cc(OC)nc1NC(=O)NS(=O)(=O)Cc2ccccc2C(=O)OC',309
'CCOC(=O)CC(SP(=S)(OC)OC)C(=O)OCC',50
'CN(C)(CCC1)CC1',150
'O=P(SCCCC)(SCCCC)SCCCC',1.25
'COCC(=O)N(C(C)C(=O)OC)c1c(C)cccc1C',62.5
'S=P(OC)(OC)SCN1C(=O)SC(OC)=N1',2
'CNC(=O)ON=C(C)SC',10
'COP(=S)(OC)Oc1ccc(cc1)N(=O)(=O)',0.25
'O=C1N(N)C(SC)=NN=C1C(C)(C)C',15
'COP(=O)(OC)OC(Br)C(Cl)(Cl)Br',2
'OC(C(N)C1O)C(C)OC1(C)OC(CC(C)(C(C2O)C(O)=O)OC(O)(C2)CC(O)CC(C)(O3)C3C=C4)C=CC=CC=CC=CCC(C)OC4=O',72
'O=N(=O)c(ccc(c1N)C)c1',8
'O=N(=O)c(c(N)ccc1N)c1',87
'O=C(O)C(=C(N)C=C1N(=O)=O)C=C1',1185
'O=N(=O)c(c(c(ccc1)cc2)c1)c2',165
'c12c(N=Nc3ccccc3)c(O)ccc1cc(S(=O)(=O)O)cc2',180
'CC(C)Oc1cc(c(Cl)cc1Cl)N2N=C(OC2(=O))C(C)(C)C',5
'CNC(=O)ON=C(SC)C(=O)N(C)C',5
'CCOP(=S)(OCC)Oc1ccc(cc1)N(=O)=O',3.5
'Oc(c(c(c(c1Cl)Cl)Cl)Cl)c1Cl',10
'NC(=N)NC(=N)NCCc1ccccc1',73
'COP(=S)(OC)SCN2C(=O)c1ccccc1C2(=O)',20
'CCN(CC)C(=O)C(Cl)=C(C)OP(=O)(OC)OC',12.3
'ClC3C6(Cl)C4C2C1OC1C5C2C3(Cl)C(Cl)(C45)C6(Cl)Cl',0.7
'O=C(OC(=O)c1cccc2)c12',1185
'Nc1c(Cl)c(Cl)nc(C(=O)(O))c1Cl',60
'CCN(CC)c1nc(C)cc(OP(=S)(OC)OC)n1',2.5
'Nc3ccc2cc1ccc(N)cc1nc2c3',47
'CCC(=O)Nc1ccc(Cl)c(Cl)c1',20
'Clc1cc(Cl)ccc1C2(Cn3ncnc3)OC(CCC)CO2',25
'O=C(N)c(nccn1)c1',789
'Oc1cc(O)c2C(=O)C(O)=C(c3cc(O)c(O)cc3)Oc2c1',2034
'CCC(O)(C)C#C',46
'CC(C(NCC)=C1)=CC(C1=O2)=C(C(C2=C3)=CC(C)=C3NCC)C(=CC=C4)C(=C4)C(=O)OCC',12
'O=C(NS(=O)(=O)c1cccc2)c12',3602
'c1cc(Cl)ccc1C2SC(=O)N(C(=O)NC3CCCCC3)C2C',160
'n(c(nc(n1)NCC)NCC)c1Cl',5
'HOS(=O)(=O)NC1CCCCC1',3602
'O=C(OCC(C1OCC(C1O)O)O)CCCCCCCCCCC',6883
'O(CC1O)C(C1O)C(O)COC(=O)CCCCCCCCCCCCCCCCC',7203
'O=S(=O)(Nc(nc(cc1C)C)n1)c(ccc(N)c2)c2',33
'CCNc1nc(NC(C)(C)C)nc(SC)n1',15
'Oc(c(cc(c1)C(C)(C)C)Cl)c1',216
'C(C(Cl)Cl)(Cl)Cl',108
'COP(=O)(OC)OC(=CCl)c1cc(Cl)c(Cl)cc1Cl',100
'CCN(CC)C(=O)SCc1ccc(Cl)cc1',5
'COC(=O)NC(=S)Nc1ccccc1NC(=S)NC(=O)OC',32
'N(C(=S)SSC(N(C)C)=S)(C)C',15
'c12OC(CCCC(C)CCCC(C)CCCC(C)C)(C)CCc1c(C)c(OC(=O)C)c(C)c2C',2000
'Cc1cc(N)ccc1NOS(O)(=O)=O',184
'C(Br)(C(Br)(Br)Br)C1C(C)(C)C1C(=O)OC(C(#N))c2cccc(Oc3ccccc3)c2',3
'O=C(O)COc(c(cc(c1Cl)Cl)Cl)c1',10
'FC(F)(F)C(=CC(N(=O)=O)=C1N(C(C)C)C(C)C)C=C1N(=O)=O',40
'Cc1cc(C)c(N)cc1C',63
'CC(O)(C(O)C(O1)C)CC1(C)OC(C(C)O2)C(C(O)C2(C)OC(C(C)C(O)CC(=O)OC(CC)C3COC(C(OC)C4OC)OC(C)C4O)C(CC=O)CC(C)C(=O)C=CC(=C3)C)N(C)C',500
'c1c(Cl)cc(Cl)cc1N2C(=O)C(C)(C=C)OC2(=O)',72.9
'O=C(OC(CCCC(O)CCCCCc1cc(O)cc2O)C)c12',0.2
'COC(=O)C1(C2=CC=CC=C2C3=C1C=C(C=C3)Cl)O',150
'CC(C(=O)O)OC1=CC(=CC=C1)Cl',100
'P12P3P1P23',1472
'C(CO)O',400
'CCCCOCC(C)OCC(C)O',128
'C(CO)O',2000
'C(CO)O',920
'[O-][As](=O)([O-])[O-]',6.25
'[Si](CN1C=NC=N1)(C2=CC=C(C=C2)F)C3=CC=C(C=C3)F',2.3
'N(C(=S)SSC(N(C)C)=S)(C)C',11.5
'COP(=O)(N)SC',0.9
'N(C(=S)SSC(N(C)C)=S)(C)C',5.47
'COP(=O)(NC(=O)(C))SC',35
'C1=CC=C(C=C1)NC(=O)NC2=CN=NS2',30
'CCOP(=S)(NC(C)C)OC1=CC=CC=C1C(=O)OC(C)C',0.5
'CC(=NOC(=O)N(C)SN(C)C(=O)ON=C(C)SC)SC',10
'CCOP(=S)(OCC)OC1=NC(=NC(=C1)C)C(C)C',1.5
'NC(CCCC1)C1',58.5
'CN1C=C(c2ccccc2)C(=O)C(c3cc(C(F)(F)F)ccc3)=C1',32.5
'ClC1CC2C(C1Cl)C3(Cl)C(=C(Cl)C2(Cl)C3(Cl)Cl)Cl',0.5
'CCCCC(CC)COC(=O)C1=CC=CC=C1C(=O)OCC(CC)CCCC',200
'OC(=O)CNCP(O)(O)=O',1000
'C1CNC(=S)N1',0.23
'O=C(N(OC)C)Nc(ccc(c1Cl)Cl)c1',6.25
'C1=CC=C2C(=C1)NC(=S)S2',750
'CCOP(=S)(OCC)OC1=NC(=C(C=C1Cl)Cl)Cl',10
'c(c(c(c(c1Cl)Cl)Cl)Cl)(c1Cl)Cl',0.29
'COc1ccc(cc1)C(c2ccc(OC)cc2)C(Cl)(Cl)Cl',125
'C1=CC(=CC=C1Cl)Cl',300
'CC(C)OC(=O)NC1=CC(=CC=C1)Cl',500
'COP(=O)(OC)OC=C(Cl)Cl',2.15
'CCOP(=S)(OCC)Oc1ccc(cc1)N(=O)=O',0.42
'CNC(=O)N(C)c1nnc(s1)C(C)(C)C',40
'CCCCOCCOCCOCC1=CC2=C(C=C1CCC)OCO2',250
'CC(C(=O)O)OC1=C(C=C(C=C1)Cl)Cl',9
'CC1(C(C1C(=O)OC(C#N)C2=CC(=C(C=C2)F)OC3=CC=CC=C3)C=C(Cl)Cl)C',12.5
'C(#N)c(c(c(c(c1C(#N))Cl)Cl)Cl)c1Cl',4
'O=C(OCC)C(O)(c(ccc(c1)Cl)c1)c(ccc(c2)Cl)c2',18.4
'O=C(N(C)C)Nc(ccc(c1)Cl)c1',125
'O=C(N(SC(Cl)(Cl)Cl)C(=O)C1CC=CC2)C12',100
'CCc1cccc(C)c1N(C(C)COC)C(=O)CCl',150
'C1=CC(=C(C=C1Cl)Cl)OCC(=O)O',5
'CCNC1=NC(=NC(=N1)Cl)NC(C)(C)C#N',1.25
'C(C(C(C(C1Cl)Cl)Cl)Cl)(C1Cl)Cl',4.6
'COP(=S)(OC)OC1=CC(=C(C=C1Cl)Cl)Cl',50
'C1C2C=CC1C3C2C4(C(=C(C3(C4(Cl)Cl)Cl)Cl)Cl)Cl',0.01
'CC1(C(C1C(=O)OCC2=CC(=CC=C2)OC3=CC=CC=C3)C=C(Cl)Cl)C',25
'CCN(CC)C(=O)C(C)OC1=CC=CC2=CC=CC=C21',100
'ClC1C=CC2C1C3(Cl)C(=C(Cl)C2(Cl)C3(Cl)Cl)Cl',0.25
'CC(=CC(=O)NC)OP(=O)(OC)OC',0.45
'CC(C)C1(C)N=C(NC1(=O))c3nc2ccccc2cc3C(=O)(O)',20
'CC(C)Nc1nc(Cl)nc(NC(C)C)n1',50
'CC(C(=O)O)(Cl)Cl',50
'CC1(C(C1C(=O)OC(C#N)C2=CC(=C(C=C2)F)OC3=CC=CC=C3)C=C(Cl)Cl)C',7.5
'O=C(NC)CSP(OC)(OC)=S',5
'C12C3(C4(C5(C3(C(C1(C5(C2(C4(Cl)Cl)Cl)Cl)Cl)(Cl)Cl)Cl)Cl)Cl)Cl',0.01
'COC(=O)C1=CC=CC=C1C(=O)OC',2000
'CCOP(=S)(OCC)SCSC(C)(C)C',0.05
'CCC(C)SP(=O)(OCC)SC(C)CC',0.25
'CCOP(=S)(OCC)SCSC(C)(C)C',2
'C1C(C(C(=O)N1C2=CC=CC(=C2)C(F)(F)F)Cl)CCl',5
'O=C(O)C(C(C(=O)O)C(O1)CC2)C12',115
'O=C(Oc(c(OC(C1)(C)C)c1cc2)c2)NC',5
'Oc(c(c(c(c1)Cl)Cl)Cc(c(c(cc2Cl)Cl)Cl)c2O)c1Cl',5
'CC1(CON(C1=O)CC2=CC=CC=C2Cl)C',21.5
'CCC(C)N1C(=O)C(=C(NC1=O)C)Br',62.5
'CC1=CC(=CC(=C1N(C)C)C)OC(=O)NC',1.5
'CNC(=O)OC1=CC=CC(=C1)N=CN(C)C',12.5
'CC1=NN(C(=O)N1C(F)F)C2=CC(=C(C=C2Cl)Cl)NS(=O)(=O)C',67
'CCOP(=S)(CC)SC1=CC=CC=C1',5
'CCOP(=S)(OCC)SC(CCl)N1C(=O)C2=CC=CC=C2C1=O',2.5
'N1CC(C)(C)CNC1=NN=C(C=Cc2ccc(C(F)(F)F)cc2)C=Cc3ccc(C(F)(F)F)cc3',5
'CC1=C(C(=C(C(=C1F)F)COC(=O)C2C(C2(C)C)C=C(C(F)(F)F)Cl)F)F',4.6
'CC1=CC(=C(C=C1)N=CN(C)C=NC2=C(C=C(C=C2)C)C)C',10.2
'S=P(OC)(OC)SCN1C(=O)SC(OC)=N1',0.8
'CC(C)N(C(C)C)C(=O)SCC(Cl)=C(Cl)Cl',12.5
'S=P(OC)(OC)SCN1N=Nc2ccccc2C1(=O)',2.25
'CC1=NC(=NC(=N1)OC)NC(=O)NS(=O)(=O)C2=CC=CC=C2CCC(F)(F)F',79.9
'O=C(N(S(=O)(=O)Nc1cccc2)C(C)C)c12',40
'CCN(CC)c1nc(C)cc(OP(=S)(OC)OC)n1',13.8
'O=C(ON=CC(SC)(C)C)NC',0.1
'ClC(Cl)(Cl)CC1(OC1)c2cc(Cl)cc(Cl)c2',30
'CCC1CCCC(C(C(=O)C2CC3C(C2CC(=O)O1)CCC4C3CC(C4)OC5CC(C(C(C5OC)OC)OC)C)C)OC6CCC(C(O6)C)N(C)C',24
'CC(C)(C)C(=NOC(=O)NC)CSC',6
'CON=C(CC1=CN=CC=C1)C2=C(C=C(C=C2)Cl)Cl',45
'CC(=CC1C(C1(C)C)C(=O)OCN2C(=O)C3=C(C2=O)CCCC3)C',250
'C1COC(O1)(CN2C=NC=N2)C3=C(C=C(C=C3)Cl)Cl',10
'CCCOC(=O)C1=CN=C(C=C1)C(=O)OCCC',250
'CC1=CC(=NC(=N1)NC(=O)NS(=O)(=O)C2=CC=CC=C2C(=O)OC3COC3)C',83
'C1=C(C(=NC(=C1Cl)Cl)OCC(=O)O)Cl',36
'CCOCN1C(=C(C(=C1C(F)(F)F)Br)C#N)C2=CC=C(C=C2)Cl',13.6
'CC(C)CC1=C(C(=NC(=C1C(=O)SC)C(F)(F)F)C(F)F)C(=O)SC',3.63
'CC12CC1(C(=O)N(C2=O)C3=CC(=CC(=C3)Cl)Cl)C',15
'CC1=CC(=C(C=C1)C(=O)OC)C2=NC(C(=O)N2)(C)C(C)C',50
'COP(=S)(OC)OC1=NC(=C(C=C1Cl)Cl)Cl',3
'CC(C)CC1=C(C(=NC(=C1C(=O)OC)C(F)F)C(F)(F)F)C2=NCCS2',44.2
'CCOC(=O)C(CC1=CC(=C(C=C1Cl)F)N2C(=O)N(C(=N2)C)C(F)F)Cl',12
'CC(C)=CC3C(C(=O)OCc2coc(Cc1ccccc1)c2)C3(C)C',125
'CCCSP(=S)(OCC)OC1=CC=C(C=C1)SC',11.5
'CC1=CC(=C(C(=C1)OC(=O)NC)C)C',59.2
'CC1=CC=CC=C1COC2CC3(CCC2(O3)C)C(C)C',150
'CC1=C2C(=CC=C1)SC3=NN=CN23',31
'CCC(=C1C(=O)CC(CC1=O)CC(C)SCC)NOCC=CCl',100
'CCCN(CCC)C(=O)SCC',9
'CC(C)OC(=O)C=C(C)C=CCC(C)CCCC(C)(C)OC',46
'COP(=S)(OC)Oc1ccc(SC)c(C)c1',3.75
'COC1=C(C=C(C=C1)C(=CC(=O)N2CCOCC2)C3=CC=C(C=C3)Cl)OC',46.3
'CCSC(=O)N(CC(C)C)CC(C)C',100
'CC(C)OP(=S)(OC(C)C)SCCNS(=O)(=O)C1=CC=CC=C1',15
'CC(=CC1C(C1(C)C)C(=O)OCC2=CC(=CC=C2)OC3=CC=CC=C3)C',150
'CC1=CC(=CC(=C1C)C)OC(=O)NC',10
'CCOP(=S)(OCC)SCSC1=CC=C(C=C1)Cl',1
'C1CN(CCN1C(C(Cl)(Cl)Cl)NC=O)C(C(Cl)(Cl)Cl)NC=O',100
'C(=CC=C1)(C2=C1)NC(=N2)C(=CS3)N=C3',2
'C1(=C(C(=C(C(=C1Cl)Cl)Cl)Cl)Cl)[N+](=O)[O-]',125
'CCCC(=NOCC)C1C(=O)CC(CC1=O)CC(C)SCC',16.56
'ClC2(Cl)C4(Cl)C1(Cl)C5(Cl)C(Cl)(Cl)C3(Cl)C1(Cl)C2(Cl)C3(Cl)C45Cl',0.7
'CCN(C1CCCCC1)C(=O)SCC',3
'CC1=NC(=NC(=N1)OC)NC(=O)NS(=O)(=O)C2=CC=CC=C2OCCCl',220.8
'C(C(=O)O)OC1=NC(=C(C(=C1Cl)N)Cl)F',500
'CC1=C(C(=O)CC1OC(=O)C2C(C2(C)C)C=C(C)C)CC#C',95
'C1C(COC1(CN2C=NC=N2)C3=C(C=C(C=C3)Cl)Cl)Br',6.48
'C1=NNC(=N1)N',2.5
'C1=CC(=C(C(=C1)F)C(=O)NC(=O)NC2=CC(=C(C(=C2F)Cl)F)Cl)F',26
'C1=CC(=CC=C1OS(=O)(=O)C2=CC=C(C=C2)Cl)Cl',2.5
'FC(F)(F)C(=CC(N(=O)=O)=C1N(C(C)C)C(C)C)C=C1N(=O)=O',1000
'CC1=C(C(=O)CC1OC(=O)C2C(C2(C)C)C=C(C)C)CC=C',75
'C1=CC(=C(C(=C1)Cl)C#N)Cl',2.5
'C1C(O1)COC2=CC=CC=C2C3=CC=CC=C3',500
'CC1=CC=CC=C1OCC2=CC=CC=C2C(=NOC)C(=O)OC',375
'O=N(=O)C(C(=C1N(=O)=O)N(C(C)C)C(C)C)=CC(=C1)S(=O)(=O)N',36.86
'C1=CC(=C(C2=NC=C(C=C21)Cl)C(=O)O)Cl',757
'CC(C)NC(=O)N1CC(=O)N(C1=O)C2=CC(=CC(=C2)Cl)Cl',46
'CCCN(CCCl)C1=C(C=C(C=C1[N+](=O)[O-])C(F)(F)F)[N+](=O)[O-]',202.4
'C1=CC=C(C=C1)C2=CC=CC=C2O',1000
'O=C(N(C)C)Nc(cccc1C(F)(F)F)c1',15
'C1=CC(=NC(=C1)Cl)C(Cl)(Cl)Cl',1
'Clc1cc(Cl)cc(Cl)c1OCCN(CCC)C(=O)n2cncc2',7.5
'CC1=CC(=C(C=C1NC(=O)C)NS(=O)(=O)C(F)(F)F)C',27.6
'C(=C(I)I)(I)I',50
'C1=C(C=C(C(=C1Cl)N2C(=C(C(=N2)C#N)S(=O)C(F)(F)F)N)Cl)C(F)(F)F',0.06
'O=C(N(C)C)Nc(ccc(c1Cl)Cl)c1',6.25
'CC1=C(C(=O)CC1OC(=O)C2C(C2(C)C)C=C(C)C)CC=C',24.5
'CC1=CC2=C(C=C1)N=C3C(=N2)SC(=O)S3',7.5
'CC(C)N(C(=O)CCl)c1ccccc1',23
'CC(C)C1(C(=O)NC(=N1)C2=C(C=CC=N2)C(=O)O)C',500
'CC1(C(C1(C)C)C(=O)OC(C#N)C2=CC(=CC=C2)OC3=CC=CC=C3)C',19.45
'CN1CN(C(=S)SC1)C',30
'ClC(Cl)=CC1C(C)(C)C1C(=O)OC(C(#N))c2cccc(Oc3ccccc3)c2',75
'ClC2C1OC1C3C2C4(Cl)C(=C(Cl)C3(Cl)C4(Cl)Cl)Cl',0.2
'CCOC(=O)CN1C2=C(C=CC=C2Cl)SC1=O',12.5
'CCCN(CCC)C1=C(C=C(C(=C1[N+](=O)[O-])N)C(F)(F)F)[N+](=O)[O-]',29.4
'C1=CC=C(C=C1)C(CCC2=CC=C(C=C2)Cl)(CN3C=NC=N3)C#N',40
'CC(C)(C)C(CCC1=CC=C(C=C1)Cl)(CN2C=NC=N2)O',15.9
'CC1=C(C=CC=C1COC(=O)C2C(C2(C)C)C=C(C(F)(F)F)Cl)C3=CC=CC=C3',5
'C(=CC=C1)(C2=C1)NC(=N2)C(=CS3)N=C3',40
'C1=C(C=C(C(=C1Cl)N)Cl)[N+](=O)[O-]',150
'CC1=C(C=C(C=C1C(=O)N)[N+](=O)[O-])[N+](=O)[O-]',6.25
'CC(C)OC1=CC=CC(=C1)NC(=O)C2=CC=CC=C2C(F)(F)F',500
'OC(c1ccc(Cl)cc1)(c2ccc(Cl)cc2)C(Cl)(Cl)Cl',2.5
'O=P(O)(O)CCCl',446
'CN(C(=O)NC1=CC=C(C=C1)Br)OC',12.5
'CC1=CC(=CC=C1)NC(=O)OC2=CC=CC(=C2)NC(=O)OC',25
'CC(C)(C)C1=NN=C(S1)N2C(CN(C2=O)C)O',50
'S=P(OCC)(OCC)Oc1ccc2C(C)=C(Cl)C(=O)Oc2c1',1.7
'COC(=O)c1ccccc1S(=O)(=O)NC(=O)N(C)c2nc(OC)nc(C)n2',12.5
'C1=CC=C(C(=C1)NC2=NC(=NC(=N2)Cl)Cl)Cl',1.15
'CC1=C(C=CC(=C1)OP(=S)(OC)OC)[N+](=O)[O-]',0.46
'COc1c(Cl)ccc(Cl)c1C(=O)(O)',115
'CC1(C(C1C(=O)OC(C#N)C2=CC(=CC=C2)OC3=CC=CC=C3)C=C(Br)Br)C',2.5
'C1=CC=C(C(=C1)C(C2=CC=C(C=C2)F)(C3=CN=CN=C3)O)Cl',2.5
'c1ccc2nc(NC(=O)OC)n(C(=O)NCCCC)c2c1',115
'CCOC(=O)COC(=O)C1=C(C=CC(=C1)OC2=C(C=C(C=C2)C(F)(F)F)Cl)[N+](=O)[O-]',25
'CC(C)(C)C(C(N1C=NC=N1)OC2=CC=C(C=C2)C3=CC=CC=C3)O',25
'CCNC(=O)NC(=O)C(=NOC)C#N',30.3
'CCOC1=C(C=CC(=C1)OC2=C(C=C(C=C2)C(F)(F)F)Cl)[N+](=O)[O-]',40
'CC1=NC=C(N1CCO)[N+](=O)[O-]',150
'O=C(N(SC(Cl)(Cl)Cl)C(=O)c1cccc2)c12',500
'CC(C)(C)c2ccc(OC1CCCCC1OS(=O)OCC#C)cc2',100
'CCCCC(CN1C=NC=N1)(C2=C(C=C(C=C2)Cl)Cl)O',4.7
'CC(C)(C)C(C(=CC1=C(C=C(C=C1)Cl)Cl)N2C=NC=N2)O',50
'C1=CC(C2C1C3(C(=C(C2(C3(Cl)Cl)Cl)Cl)Cl)Cl)Cl',0.38
'C1=CC=C2C(=C1)C(=O)C3=C(C2=O)SC(=C(S3)C#N)C#N',10
'CC1=NN(C(=C1C=NOCC2=CC=C(C=C2)C(=O)OC(C)(C)C)OC3=CC=CC=C3)C',3.08
'CS(=O)(=O)C1=C(C=CC(=C1)C(F)(F)F)C(=O)C2=C(ON=C2)C3CC3',20
'CC1=C(N=C(N=C1OC(=O)N(C)C)N(C)C)C',12.5
'CCN(CC)C(=O)C(Cl)=C(C)OP(=O)(OC)OC',1.5
'C1=CC(=CC=C1C(CN)O)O',250
'CC1=C(C(=CC=C1)C)N(C(=O)COC)N2CCOC2=O',50
'c1c(C(F)(F)F)cccc1N2C(=O)C(Cl)=C(NC)C=N2',18.75
'CCC(C)NC1=C(C=C(C=C1[N+](=O)[O-])C(C)(C)C)[N+](=O)[O-]',50
'C1=CC(=CC=C1S(=O)(=O)C2=CC(=C(C=C2Cl)Cl)Cl)Cl',230
'CCCCC1=C(NC(=NC1=O)NCC)C',25
'n(c(nc(n1)NCC)NCC)c1Cl',5.3
'FC(F)(F)C(C=C1N(=O)=O)=CC(N(=O)=O)=C1N(CC)CC(C)=C',12.5
'C1CCC(C1)N(CC2=CC=C(C=C2)Cl)C(=O)NC3=CC=CC=C3',25
'CS(=O)(=O)NC(=O)C1=C(C=CC(=C1)OC2=C(C=C(C=C2)C(F)(F)F)Cl)[N+](=O)[O-]',50
'CCOC(=O)C(C)OC1=CC=C(C=C1)OC2=NC3=C(O2)C=C(C=C3)Cl',9
'CCC1=C(C(=CC=C1)CC)N(CNC(=O)C)C(=O)CCl',62.5
'NC(=N)NCCCCCCCCCCCC(OC(=O)C)',29
'C1=CC(=CC(=C1)Cl)NC(=O)OCC#CCCl',450
'CC(C)C(C(=O)OC(C(#N))c2cccc(Oc1ccccc1)c2)c3ccc(Cl)cc3',25
'CC(C)C1=C(C=CC(=C1)C(C)(C)C2=CC(=C(C=C2)O)C(C)C)O',25
'CCN(CC1=C(C=CC=C1Cl)F)C2=C(C=C(C=C2[N+](=O)[O-])C(F)(F)F)[N+](=O)[O-]',50
'CCCCCCCCSC(=O)OC1=CC(=NN=C1C2=CC=CC=C2)Cl',67.5
'CC1=C(C(=O)CC1OC(=O)C2C(C2(C)C)C=C(C)C)CC=C',13.8
'CCCCNC(=O)N1C2=CC=CC=C2N=C1NC(=O)OC',250
'CC1=C(C(=CC=C1)C)N(C(C)C(=O)OC)C(=O)CC2=CC=CC=C2',46
'CC(C)C(C1=CC=C(C=C1)OC(F)F)C(=O)OC(C#N)C2=CC(=CC=C2)OC3=CC=CC=C3',6
'Clc1ccccc1c2nnc(c3ccccc3Cl)nn2',20
'CCOC(=O)NCCOC1=CC=C(C=C1)OC2=CC=CC=C2',10
'CCC1=C(C(=CC=C1)CC)N(CC(=O)OCC)C(=O)CCl',50
'c1(O2)c(CC2(C)C)cccc1OC(=O)N(C)SN(CCCC)CCCC',25
'CCCCOC(=O)C(C)OC1=CC=C(C=C1)OC2=NC=C(C=C2)C(F)(F)F',3
'COC1=CC(=C(C=C1Cl)OC)Cl',125
'CCOP(=S)(OCC)OC1=NN(C(=N1)Cl)C(C)C',12.5
'n(c(nc(n1)NC(C)C)NCC)c1Cl',25
'CC(C)(C)C(C(=CC1=CC=C(C=C1)Cl)N2C=NC=N2)O',39.41
'CCCCCCCCc1cc(N(=O)(=O))c(OC(=O)C=CC)c(c1)N(=O)(=O)',50
'c1cc(OC(F)(F)F)ccc1C(O)(C(C)C)c2cncnc2',12.1
'COP(=O)(C(C(Cl)(Cl)Cl)O)OC',20
'C1=CC(=C(C=C1C(F)(F)F)Cl)OC2=CC(=C(C=C2)[N+](=O)[O-])C(=O)O',125
'CCCN(CC1CC1)C2=C(C=C(C=C2[N+](=O)[O-])C(F)(F)F)[N+](=O)[O-]',5
'CCOC(=O)C(C)OC(=O)C1=C(C=CC(=C1)OC2=C(C=C(C=C2)C(F)(F)F)Cl)[N+](=O)[O-]',50
'CCSC(=O)N1CCCCCC1',14.81
'CCC1=CC=C(C=C1)C(=O)NN(C(=O)C2=CC(=CC(=C2)C)C)C(C)(C)C',48
'ClC(Cl)C(Cl)(Cl)SN2C(=O)C1CC=CCC1C2(=O)',15
'COC(=O)C1=CC=CC=C1S(=O)(=O)NC(=O)NC2=NC(=CC(=N2)OC(F)F)OC(F)F',140
'CC(C)(C)C(C(N1C=NC=N1)OC2=CC=C(C=C2)Cl)O',25
'CC1=C(C=CC(=C1)Cl)OCC(=O)O',4
'COC=C(C1=CC=CC=C1OC2=NC=NC(=C2)OC3=CC=CC=C3C#N)C(=O)OC',62.25
'C1=CC=C(C(=C1)C(C2=CC=C(C=C2)Cl)(C3=CN=CN=C3)O)Cl',2.3
'[O-]Br(=O)=O',6.1
'OP(=O)OCC',400
'COP(N)(=O)SC',0.1
'CCOP(=O)(NC(C)C)Oc1ccc(SC)c(C)c1',1.5
'CCOP(=S)(OCC)SCCSCC',0.04
'CCOP(=S)(OCC)SCSP(=S)(OCC)OCC',2
'O=C(OCC(CCCC)CC)CCCCC(=O)OCC(CCCC)CC',1500
'CN(C=Nc1ccc(C)cc1C)C=Nc2ccc(C)cc2C',10
'O=C(N(S(=O)(=O)Nc1cccc2)C(C)C)c12',35
'S=P(OC)(OC)SCN1C(=O)SC(OC)=N1',1.25
'C(#N)Cl',70
'C(#N)Br',122
'C1=CC(=CC=C1C(C2=CC=C(C=C2)Cl)C(Cl)(Cl)Cl)Cl',0.25
'c(cccc1)(c1)C(C)C',331
'CCCN(CCC)C(=O)SCC',25
'NC(CCCC1)C1',60
'ClC1CC2C(C1Cl)C3(Cl)C(=C(Cl)C2(Cl)C3(Cl)Cl)Cl',6
'CC(C)OC(=O)NC1=CC(=CC=C1)Cl',1000
'COC(=O)c1c(Cl)c(Cl)c(C(=O)OC)c(Cl)c1Cl',10
'COC(=O)C1=CC=C(C=C1)C(=O)OC',125
'N(C(=S)NC1)C1',0.25
'O=C(N(OC)C)Nc(ccc(c1Cl)Cl)c1',2.5
'c(cccc1)(c1)C=C',285
'COC(=O)c1ccccc1S(=O)(=O)NC(=O)Nc2nc(OC)nc(C)n2',250
'C1=CC(=CC=C1N)Cl',12.5
'FC(F)(F)C(Cl)=CC1C(C)(C)C1C(=O)OC(C(#N))c2cc(Oc3ccccc3)ccc2',12.5
'C(Cl)(Br)Br',28.5
'C=C(Cl)Cl',14
'C(C=CCl)Cl',5.1
'COP(=O)(OC)OC(=CCl)c1cc(Cl)c(Cl)cc1Cl',50
'Oc(ccc(c1)C(c(ccc(O)c2)c2)(C)C)c1',50
'O=C(OCc(cccc1)c1)c(c(ccc2)C(=O)OCCCC)c2',470
'O=C(NCCCC1)C1',125
'c(cccc1)(c1)Cl',120
'C(Cl)(Cl)Cl',60
'ClCCl',52.58
'C1C2C3C(C1C4C2O4)C5(C(=C(C3(C5(Cl)Cl)Cl)Cl)Cl)Cl',0.125
'OCCO',1000
'O=C(C=C(CC1(C)C)C)C1',179
'C(F)(Cl)(Cl)Cl',349
'CCc1cccc(CC)c1N(COC)C(=O)CCl',14
'c1ccccc1c2c(C)c(COC(=O)C3C(C)(C)C3C=C(Cl)C(F)(F)F)ccc2',5
'n1c(Cl)cc(OC)nc1NC(=O)NS(=O)(=O)c2ccccc2C(=O)OCC',125
'O=C(NC(=O)c(c(F)ccc1)c1F)Nc(ccc(c2)Cl)c2',7.8
'c(cccc1)(c1)CC',291
'O=C(N(SC(Cl)(Cl)Cl)C(=O)c1cccc2)c12',40
'Clc1cc(C(F)(F)F)cnc1Oc2ccc(OC(C)C(=O)OC)cc2',1
'C#N',31
'ClC(C(OC(C=C2C(=O)OC(C)C(=O)OCC)=CC=C2N(=O)=O)=C1)=CC=C1C(F)(F)F',50
'c1c(C(F)(F)F)cccc1N2C(=O)C(Cl)=C(NC)C=N2',51.25
'O=N(=O)C(C(=C1N(=O)=O)N(C(C)C)C(C)C)=CC(=C1)S(=O)(=O)N',45
'CN(=CC=C1C(C=C2)=CC=N2C)C=C1',3.75
'C1=C(C=C(C=C1[N+](=O)[O-])[N+](=O)[O-])[N+](=O)[O-]',13.31
'C(=C)Cl',1.3
'C1CCC(=O)CC1',910
'CC1(C(C1(C)C)C(=O)OC(C#N)C2=CC(=CC=C2)OC3=CC=CC=C3)C',25
'C1=CC(=O)NNC1(=O)',500
'CCSC(=O)N1CCCCCC1',2
'C(C(Cl)(Cl)Cl)(O)O',135
'ClC2C1OC1C3C2C4(Cl)C(=C(Cl)C3(Cl)C4(Cl)Cl)Cl',0.025
'Clc1cc(C(F)(F)F)ccc1Oc2cc(OCC)c(N(=O)(=O))cc2',10
'c1cc(Cl)ccc1C(C(#N))(CCCC)Cn2ncnc2',9.84
'CC1=C(C=C(C=C1[N+](=O)[O-])[N+](=O)[O-])[N+](=O)[O-]',2
'CC(C)OC(=O)C(C1=CC=C(C=C1)Br)(C2=CC=C(C=C2)Br)O',26
'C[N+](C)(C)CCCl',130
'CCC(=C1C(=O)CC(CC1=O)CC(C)SCC)NOCC=CCl',86
'CC1=NC(=NC(=C1)C2CC2)NC3=CC=CC=C3',35.6
'N(c(cccc1)c1)c(cccc2)c2',25
'CC1(C(=O)N(C(=O)O1)NC2=CC=CC=C2)C3=CC=C(C=C3)OC4=CC=CC=C4',16.8
'CC1(CCCCC1)C(=O)NC2=C(C(=C(C=C2)O)Cl)Cl',292
'C1=CC(=C2C(=C1)OC(O2)(F)F)C3=CNC=C3C#N',110
'C(F)(F)(F)c1ccccc1C(=O)Nc2cccc(OC(C)C)c2',87
'C(CCCCN=C(N)N)CCCNCCCCCCCCN=C(N)N',19
'C1CN(C(=N1)N[N+](=O)[O-])CC2=CN=C(C=C2)Cl',17
'COC(=O)C12CC3=C(C1=NN(CO2)C(=O)N(C4=CC=C(C=C4)OC(F)(F)F)C(=O)OC)C=CC(=C3)Cl',3.6
'CC1=CC=CC=C1OCC2=CC=CC=C2C(=NOC)C(=O)OC',370
'CC1=CC(=CC(=C1)C(=O)N(C(C)(C)C)NC(=O)C2=C(C(=CC=C2)OC)C)C',411
'C1=CC(=C(C(=C1)F)C(=O)NC(=O)NC2=CC(=C(C=C2)OC(C(OC(F)(F)F)F)(F)F)Cl)F',36
'CC1=CC=C(C=C1)N(SC(F)(Cl)Cl)S(=O)(=O)N(C)C',18
'CC(C)(C)C1=C(C=CC(=C1)O)O',225
'CC(=NOCC1=CC=CC=C1C(=NOC)C(=O)OC)C2=CC(=CC=C2)C(F)(F)F',60
'COC(=O)N(C1=CC=CC=C1COC2=NN(C=C2)C3=CC=C(C=C3)Cl)OC',9
'CC(C)N1C(=NC(C)(C)C)SCN(C1=O)C2=CC=CC=C2',8.7
'C1=CC=C(C(=C1)C2=NN=C(N=N2)C3=CC=CC=C3Cl)Cl',17.3
'CCCC(=C1C(=O)CC(CC1=O)C2CCCSC2)NOCC',28
'C1CC1NC2=NC(=C(C(=N2)N)C#N)N',22
'C(C=C1)(=N(C=C1)CC2)C(N2=C3)=CC=C3',0.57
'C1=CC=C2C(=C1)C(=O)C3=C(C2=O)SC(=C(S3)C#N)C#N',6
'CCOC1=CC2=C(C=C1)NC(C=C2C)(C)C',12
'C1=CC=C(C=C1)C(CCC2=CC=C(C=C2)Cl)(CN3C=NC=N3)C#N',30
'CC1CN(CC(O1)C)CC(C)CC2=CC=C(C=C2)C(C)(C)C',1.7
'C[Si](CN1C=NC=N1)(C2=CC=C(C=C2)F)C3=CC=C(C=C3)F',2
'c1cc(Cl)cc(Cl)c1C(OCC=C)Cn2cncc2',15
'CN(=CC=C1C(C=C2)=CC=N2C)C=C1',2.55
'CCCCOCCOCCOCC1=CC2=C(C=C1CCC)OCO2',100
'Clc1cc(Cl)ccc1C2(Cn3ncnc3)OC(CCC)CO2',96
'C(=CC=C1)(C2=C1)NC(=N2)C(=CS3)N=C3',30
'CCOC1=CC=C(C=C1)C(C)(C)COCC2=CC(=CC=C2)OC3=CC=CC=C3',26
'CC(C)(C)c2ccc(OC1CCCCC1OS(=O)OCC#C)cc2',19
'CC(COC1=CC=C(C=C1)OC2=CC=CC=C2)OC3=CC=CC=N3',140
'CC(C)(C)C(=O)C(N1C=NC=N1)OC2=CC=C(C=C2)Cl',114
'CC(C)(C)C(C(N1C=NC=N1)OC2=CC=C(C=C2)Cl)O',105
'c1ccccc1c2c(C)c(COC(=O)C3C(C)(C)C3C=C(Cl)C(F)(F)F)ccc2',8
'CC1(C(C1C(=O)OC(C#N)C2=CC(=C(C=C2)F)OC3=CC=CC=C3)C=C(Cl)Cl)C',6
'CC1(C(C1C(=O)OC(C#N)C2=CC(=C(C=C2)F)OC3=CC=CC=C3)C=C(Cl)Cl)C',12
'ClC(Cl)=CC1C(C)(C)C1C(=O)OC(C(#N))c2cccc(Oc3ccccc3)c2',50
'ClC1CC2C(C1Cl)C3(Cl)C(=C(Cl)C2(Cl)C3(Cl)Cl)Cl',0.25
'ClC4=C(Cl)C5(Cl)C3C1CC(C2OC12)C3C4(Cl)C5(Cl)Cl',0.1
'C1C2C3C(C1C4C2O4)C5(C(=C(C3(C5(Cl)Cl)Cl)Cl)Cl)Cl',0.25
'C1(C(C(C(C(C1Cl)Cl)Cl)Cl)Cl)Cl',4.7
'CCC(=O)Nc1ccc(Cl)c(Cl)c1',76
'C1(=C(C(=C(C(=C1Cl)Cl)Cl)Cl)Cl)[N+](=O)[O-]',140
'C1C2C(COS(=O)O1)C3(C(=C(C2(C3(Cl)Cl)Cl)Cl)Cl)Cl',2.9
'O=C(N(SC(Cl)(Cl)Cl)C(=O)c1cccc2)c12',50
'CC(C(=O)O)OC1=CC=C(C=C1)OC2=C(C=C(C=N2)C(F)(F)F)Cl',0.1
'CCCCC(CN1C=NC=N1)(C#N)C2=CC=C(C=C2)Cl',9.8
'Clc1cc(Cl)cc(Cl)c1OCCN(CCC)C(=O)n2cncc2',5.1
'COP(=O)(NC(=O)(C))SC',2.5
'CCOP(=O)(OCC)OC(=CCl)C1=C(C=C(C=C1)Cl)Cl',1.5
'CCOP(=S)(OCC)SCCSCC',0.22
'O=P(O)(O)CCCl',12
'CCCSP(=O)(OCC)SCCC',2.7
'CCOP(=O)(NC(C)C)Oc1ccc(SC)c(C)c1',1.7
'COP(=S)(OC)Oc1ccc(SC)c(C)c1',0.72
'OC(=O)C(N)CCP(C)(=O)O',3.5
'OC(=O)CNCP(O)(O)=O',300
'CCOC(=O)CC(SP(=S)(OC)OC)C(=O)OCC',360
'COP(N)(=O)SC',0.29
'CC(=CC(=O)OC)OP(=O)(OC)OC',0.35
'CCOP(=S)(OCC)SCSCC',0.16
'CCOP(=S)(OCC)SCSC(C)(C)C',0.06
'S=P(OC)(OC)SCN1N=Nc2ccccc2C1(=O)',2.58
'CCOP(=S)(OCC)OC1=NC(=C(C=C1Cl)Cl)Cl',1
'CCOP(=S)(OCC)OC1=NC(=NC(=C1)C)C(C)C',5.8
'CCC1=NC(=CC(=N1)OP(=S)(OC)OC)OCC',0.45
'S=P(OC)(OC)SCN1C(=O)SC(OC)=N1',1.6
'CCOP(=S)(OCC)SCN1C2=C(C=C(C=C2)Cl)OC1=O',2
'COP(=S)(OC)SCN2C(=O)c1ccccc1C2(=O)',9
'CCOC(=O)C1=CN2C(=CC(=N2)OP(=S)(OCC)OCC)N=C1C',4
'CCOP(=S)(OCC)OC1=NN(C=N1)C2=CC=CC=C2',1.3
'O=C(Oc(c(c(ccc1)cc2)c1)c2)NC',60
'CC1=CC(=CC(=C1SC)C)OC(=O)NC',9.3
'CNC(=O)ON=C(C)SC',20
'CCCOC(=O)NCCCN(C)C',680
'COC(=O)NC1=NC2=CC=CC=C2N1',75
'CC1=C(N=C(N=C1OC(=O)N(C)C)N(C)C)C',12.3
'CNC(=O)CCSCCSP(=O)(OC)OC',0.54
'N(C(=S)SSC(N(C)C)=S)(C)C',12
'C1=NNC(=N1)N',5
'CCCCCCCCc1cc(N(=O)(=O))c(OC(=O)C=CC)c(c1)N(=O)(=O)',64
'C1=CC=C(C=C1)[Sn](C2=CC=CC=C2)C3=CC=CC=C3',0.3
'O=C(NC(=O)c(c(F)ccc1)c1F)Nc(ccc(c2)Cl)c2',7
'N(C(=S)NC1)C1',1.25
'C1=CC(=C(C(=C1)F)C(=O)NC(=O)NC2=CC(=C(C(=C2F)Cl)F)Cl)F',25
'CCCSC1=CC2=C(C=C1)N=C(N2)NC(=O)OC',20
'C1CN(CCN1CCCC(=O)C2=CC=C(C=C2)F)C3=CC=CC=N3',115
'CC1(C2C(C3C(C(=O)C(=C(N)O)C(=O)C3(C(=O)C2=C(C4=C(C=CC(=C41)Cl)O)O)O)N(C)C)O)O',5200
'CC1=CC(=C(C=C1NC(=O)C2=CC(=CC(=C2O)I)I)Cl)C(C#N)C3=CC=C(C=C3)Cl',10
'CN1CC2CC1CN2C3=C(C=C4C(=C3)N(C=C(C4=O)C(=O)O)C5CC5)F',50
'C1=CC(=CC=C1C(C#N)C2=C(C=CC(=C2Cl)N3C(=O)NC(=O)C=N3)Cl)Cl',15
'CC1=NC=C(N1C)[N+](=O)[O-]',15
'CCN1CCN(CC1)C2=C(C=C3C(=C2)N(C=C(C3=O)C(=O)O)C4CC4)F',26
'CC1C=CC=C2COC3C2(C(C=C(C3O)C)C(=O)OC4CC(CC=C(C1OC5CC(C(C(O5)C)OC6CC(C(C(O6)C)NC(=O)C)OC)OC)C)OC7(C4)C=CC(C(O7)C(C)C)C)O',1
'COCC(=O)NC1=C(C=CC(=C1)SC2=CC=CC=C2)NC(=NC(=O)OC)NC(=O)OC',40
'CC1CCC2=C3N1C=C(C(=O)C3=CC(=C2)F)C(=O)O',400
'COC(=O)NC1=NC2=C(N1)C=C(C=C2)S(=O)C3=CC=CC=C3',2
'CC1(C2CC3C(C(=O)C(=C(N)O)C(=O)C3(C(=O)C2=C(C4=C1C=CC=C4O)O)O)N(C)C)O',150
'C1CN(CCN1CCCC(=O)C2=CC=C(C=C2)F)C3=CC=CC=N3',30
'CC(C)NCC(COC1=CC=CC2=C1C3=CC=CC=C3N2)O',7
'C1=CC(=CC=C1C(C#N)C2=C(C=CC(=C2Cl)N3C(=O)NC(=O)C=N3)Cl)Cl',23
'CC1C=CC=C2COC3C2(C(C=C(C3O)C)C(=O)OC4CC(CC=C(C1OC5CC(C(C(O5)C)OC6CC(C(C(O6)C)NC(=O)C)OC)OC)C)OC7(C4)C=CC(C(O7)C(C)C)C)O',2.5
'COP(=S)(OC)Oc1ccc(SC)c(C)c1',0.45
'C(C(C(C(C1Cl)Cl)Cl)Cl)(C1Cl)Cl',8
'C(C(C(C(C1Cl)Cl)Cl)Cl)(C1Cl)Cl',4
'CC(N(C)C)CN(C(=CC=C3)C1=C3)C(=CC=C2)C(=C2)S1',16.6
'C1=C(C=C(C(=C1Cl)N)Cl)[N+](=O)[O-]',240
'c(cccc1)(c1)C=C',400
