InChI,LOAEL_log_mol_kg_bw_day
"InChI=1S/AsH3O4/c2-1(3,4)5/h(H3,2,3,4,5)/p-3",4.34688225631145
"InChI=1S/BrHO3/c2-1(3)4/h(H,2,3,4)/p-1",4.3215481796762
"InChI=1S/C10Cl12/c11-1-2(12)7(17)4(14)3(13,5(1,15)9(7,19)20)6(1,16)10(21,22)8(2,4)18",5.89173094758972
"InChI=1S/C10H10ClNO2/c1-7(13)12-9-4-2-8(3-5-9)10(14)6-11/h2-5H,6H2,1H3,(H,12,13)",2.12695072080225
"InChI=1S/C10H10O4/c1-13-9(11)7-3-5-8(6-4-7)10(12)14-2/h3-6H,1-2H3",3.1913034298761
"InChI=1S/C10H10O4/c1-13-9(11)7-5-3-4-6-8(7)10(12)14-2/h3-6H,1-2H3",1.98718344722018
"InChI=1S/C10H11F3N2O/c1-15(2)9(16)14-8-5-3-4-7(6-8)10(11,12)13/h3-6H,1-2H3,(H,14,16)",4.18977535089103
"InChI=1S/C10H12ClNO2/c1-7(2)14-10(13)12-9-5-3-4-8(11)6-9/h3-7H,1-2H3,(H,12,13)",2.32972480951647
"InChI=1S/C10H12ClNO2/c1-7(2)14-10(13)12-9-5-3-4-8(11)6-9/h3-7H,1-2H3,(H,12,13)",2.63075480518045
"InChI=1S/C10H12N2O3S/c1-7(2)12-10(13)8-5-3-4-6-9(8)11-16(12,14)15/h3-7,11H,1-2H3",3.77865560759679
"InChI=1S/C10H12N2O3S/c1-7(2)12-10(13)8-5-3-4-6-9(8)11-16(12,14)15/h3-7,11H,1-2H3",3.83664755457448
"InChI=1S/C10H12N3O3PS2/c1-15-17(18,16-2)19-7-13-10(14)8-5-3-4-6-9(8)11-12-13/h3-6H,7H2,1-2H3",5.08988368084419
"InChI=1S/C10H12N3O3PS2/c1-15-17(18,16-2)19-7-13-10(14)8-5-3-4-6-9(8)11-12-13/h3-6H,7H2,1-2H3",5.14932086869605
"InChI=1S/C10H12N3O3PS2/c1-15-17(18,16-2)19-7-13-10(14)8-5-3-4-6-9(8)11-12-13/h3-6H,7H2,1-2H3",5.94520088604013
"InChI=1S/C10H12O/c1-3-4-9-5-7-10(11-2)8-6-9/h3-8H,1-2H3",2.63429468422019
"InChI=1S/C10H12O3/c1-2-7-13-10(12)8-3-5-9(11)6-4-8/h3-6,11H,2,7H2,1H3",2.07966468441907
"InChI=1S/C10H12O5/c1-2-3-15-10(14)6-4-7(11)9(13)8(12)5-6/h4-5,11-13H,2-3H2,1H3",2.3902301635117
"InChI=1S/C10H13Cl2FN2O2S2/c1-8-4-6-9(7-5-8)15(18-10(11,12)13)19(16,17)14(2)3/h4-7H,1-3H3",4.28537828278078
"InChI=1S/C10H13ClO/c1-10(2,3)7-4-5-9(12)8(11)6-7/h4-6,12H,1-3H3",2.93192524190336
"InChI=1S/C10H14Cl6N4O2/c11-9(12,13)7(17-5-21)19-1-2-20(4-3-19)8(18-6-22)10(14,15)16/h5-8H,1-4H2,(H,17,21)(H,18,22)",3.63845107729718
"InChI=1S/C10H14N2O2/c1-3-14-10-5-4-8(6-9(10)11)12-7(2)13/h4-6H,3,11H2,1-2H3,(H,12,13)",2.21459876477238
"InChI=1S/C10H14N2O5/c13-4-3-11-9-2-1-8(12(15)16)7-10(9)17-6-5-14/h1-2,7,11,13-14H,3-6H2",3.02438986505162
"InChI=1S/C10H14NO5PS/c1-3-14-17(18,15-4-2)16-10-7-5-9(6-8-10)11(12)13/h5-8H,3-4H2,1-2H3",4.9202137267914
"InChI=1S/C10H14NO5PS/c1-3-14-17(18,15-4-2)16-10-7-5-9(6-8-10)11(12)13/h5-8H,3-4H2,1-2H3",5.84103248074378
"InChI=1S/C10H14O2/c1-10(2,3)8-6-7(11)4-5-9(8)12/h4-6,11-12H,1-3H3",2.86849281697225
"InChI=1S/C10H15N5/c11-9(12)15-10(13)14-7-6-8-4-2-1-3-5-8/h1-5H,6-7H2,(H6,11,12,13,14,15)",3.44898061811695
"InChI=1S/C10H15O3PS2/c1-8-7-9(5-6-10(8)16-4)13-14(15,11-2)12-3/h5-7H,1-4H3",4.87052572632858
"InChI=1S/C10H15O3PS2/c1-8-7-9(5-6-10(8)16-4)13-14(15,11-2)12-3/h5-7H,1-4H3",5.58722449762503
"InChI=1S/C10H15O3PS2/c1-8-7-9(5-6-10(8)16-4)13-14(15,11-2)12-3/h5-7H,1-4H3",5.79134448028095
"InChI=1S/C10H15OPS2/c1-3-11-12(13,4-2)14-10-8-6-5-7-9-10/h5-9H,3-4H2,1-2H3",4.6925459996104
"InChI=1S/C10H15OPS2/c1-3-11-12(13,4-2)14-10-8-6-5-7-9-10/h5-9H,3-4H2,1-2H3",5.192858916992
"InChI=1S/C10H16Cl3NOS/c1-6(2)14(7(3)4)10(15)16-5-8(11)9(12)13/h6-7H,5H2,1-4H3",4.38691132629296
"InChI=1S/C10H16N4O2S/c1-10(2,3)7-11-12-8(17-7)14-6(15)5-13(4)9(14)16/h6,15H,5H2,1-4H3",3.70982035175725
"InChI=1S/C10H17N2O4PS/c1-5-8-11-9(15-6-2)7-10(12-8)16-17(18,13-3)14-4/h7H,5-6H2,1-4H3",5.8126040303238
"InChI=1S/C10H19ClNO5P/c1-6-12(7-2)10(13)9(11)8(3)17-18(14,15-4)16-5/h6-7H2,1-5H3",4.38676470716829
"InChI=1S/C10H19ClNO5P/c1-6-12(7-2)10(13)9(11)8(3)17-18(14,15-4)16-5/h6-7H2,1-5H3",5.30057855955201
"InChI=1S/C10H19N5S/c1-6-11-7-12-8(15-10(2,3)4)14-9(13-7)16-5/h6H2,1-5H3,(H2,11,12,13,14,15)",4.2065674883771
"InChI=1S/C10H19O6PS2/c1-5-15-9(11)7-8(10(12)16-6-2)19-17(18,13-3)14-4/h8H,5-7H2,1-4H3",2.96268235505315
"InChI=1S/C10H19O6PS2/c1-5-15-9(11)7-8(10(12)16-6-2)19-17(18,13-3)14-4/h8H,5-7H2,1-4H3",3.82001485148442
"InChI=1S/C10H20O/c1-7(2)9-5-4-8(3)6-10(9)11/h7-11H,4-6H2,1-3H3",2.42080757876423
"InChI=1S/C10H22O3/c1-4-5-6-12-8-10(3)13-7-9(2)11/h9-11H,4-8H2,1-3H3",3.17218289921228
"InChI=1S/C10H23O2PS2/c1-6-9(4)14-13(11,12-8-3)15-10(5)7-2/h9-10H,6-8H2,1-5H3",6.0340541201743
"InChI=1S/C10H5Cl2NO2/c11-6-3-5-1-2-7(12)8(10(14)15)9(5)13-4-6/h1-4H,(H,14,15)",2.50482391995124
"InChI=1S/C10H5Cl7/c11-4-2-1-3-5(4)9(15)7(13)6(12)8(3,14)10(9,16)17/h1-5H",5.9922949848715
"InChI=1S/C10H5Cl7/c11-4-2-1-3-5(4)9(15)7(13)6(12)8(3,14)10(9,16)17/h1-5H",6.17413857281627
"InChI=1S/C10H5Cl7O/c11-3-1-2(4-5(3)18-4)9(15)7(13)6(12)8(1,14)10(9,16)17/h1-5H",6.28927348401756
"InChI=1S/C10H5Cl7O/c11-3-1-2(4-5(3)18-4)9(15)7(13)6(12)8(1,14)10(9,16)17/h1-5H",7.1923634710095
"InChI=1S/C10H6Cl8/c11-3-1-2-4(5(3)12)9(16)7(14)6(13)8(2,15)10(9,17)18/h2-5H,1H2",4.83439806636601
"InChI=1S/C10H6Cl8/c11-3-1-2-4(5(3)12)9(16)7(14)6(13)8(2,15)10(9,17)18/h2-5H,1H2",5.91357931241363
"InChI=1S/C10H6Cl8/c11-3-1-2-4(5(3)12)9(16)7(14)6(13)8(2,15)10(9,17)18/h2-5H,1H2",6.18118555259066
"InChI=1S/C10H6Cl8/c11-3-1-2-4(5(3)12)9(16)7(14)6(13)8(2,15)10(9,17)18/h2-5H,1H2",6.21460930807761
"InChI=1S/C10H6N2OS2/c1-5-2-3-6-7(4-5)12-9-8(11-6)14-10(13)15-9/h2-4H,1H3",4.49470628000702
"InChI=1S/C10H7Cl5O/c11-7-1-6(2-8(12)3-7)9(5-16-9)4-10(13,14)15/h1-3H,4-5H2",4.02860782189294
"InChI=1S/C10H7N3S/c1-2-4-8-7(3-1)12-10(13-8)9-5-14-6-11-9/h1-6H,(H,12,13)",3.70167089115788
"InChI=1S/C10H7N3S/c1-2-4-8-7(3-1)12-10(13-8)9-5-14-6-11-9/h1-6H,(H,12,13)",3.82660962776618
"InChI=1S/C10H7N3S/c1-2-4-8-7(3-1)12-10(13-8)9-5-14-6-11-9/h1-6H,(H,12,13)",5.00270088682186
"InChI=1S/C10H9Cl4NO2S/c11-9(12)10(13,14)18-15-7(16)5-3-1-2-4-6(5)8(15)17/h1-2,5-6,9H,3-4H2",4.36681001970786
"InChI=1S/C10H9Cl4NO2S/c11-9(12)10(13,14)18-15-7(16)5-3-1-2-4-6(5)8(15)17/h1-2,5-6,9H,3-4H2",4.46372003271591
"InChI=1S/C10H9Cl4O4P/c1-16-19(15,17-2)18-10(5-11)6-3-8(13)9(14)4-7(6)12/h3-5H,1-2H3",3.5634357799466
"InChI=1S/C10H9Cl4O4P/c1-16-19(15,17-2)18-10(5-11)6-3-8(13)9(14)4-7(6)12/h3-5H,1-2H3",3.86446577561058
"InChI=1S/C10HCl11/c11-2-1-3(12)5(14)4(1,13)10(20,21)7(2,16)8(5,17)6(2,15)9(3,18)19/h1H",7.70850413051807
"InChI=1S/C11H10Cl2F2N4O3S/c1-5-16-19(11(20)18(5)10(14)15)9-4-8(17-23(2,21)22)6(12)3-7(9)13/h3-4,10,17H,1-2H3",3.76184922452045
"InChI=1S/C11H10ClNO3S/c1-2-16-9(14)6-13-10-7(12)4-3-5-8(10)17-11(13)15/h3-5H,2,6H2,1H3",4.33721159291063
"InChI=1S/C11H12NO4PS2/c1-15-17(18,16-2)19-7-12-10(13)8-5-3-4-6-9(8)11(12)14/h3-6H,7H2,1-2H3",4.20046887469431
"InChI=1S/C11H12NO4PS2/c1-15-17(18,16-2)19-7-12-10(13)8-5-3-4-6-9(8)11(12)14/h3-6H,7H2,1-2H3",4.54725636091897
"InChI=1S/C11H13F3N2O3S/c1-6-4-7(2)10(5-9(6)15-8(3)17)16-20(18,19)11(12,13)14/h4-5,16H,1-3H3,(H,15,17)",4.05086251778066
"InChI=1S/C11H14ClNO/c1-9(2)13(11(14)8-12)10-6-4-3-5-7-10/h3-7,9H,8H2,1-2H3",3.96396832169828
"InChI=1S/C11H15N3O2/c1-12-11(15)16-10-6-4-5-9(7-10)13-8-14(2)3/h4-8H,1-3H3,(H,12,15)",4.24798445482129
"InChI=1S/C11H15NO2/c1-7-5-10(14-11(13)12-4)6-8(2)9(7)3/h5-6H,1-4H3,(H,12,13)",4.28610219788592
"InChI=1S/C11H15NO2/c1-7-5-8(2)9(3)10(6-7)14-11(13)12-4/h5-6H,1-4H3,(H,12,13)",3.513780491163
"InChI=1S/C11H15NO2S/c1-7-5-9(14-11(13)12-3)6-8(2)10(7)15-4/h5-6H,1-4H3,(H,12,13)",4.38429231462288
"InChI=1S/C11H15NO3/c1-8(2)14-9-6-4-5-7-10(9)15-11(13)12-3/h4-8H,1-3H3,(H,12,13)",3.62167823549204
"InChI=1S/C11H16ClO2PS3/c1-3-13-15(16,14-4-2)18-9-17-11-7-5-10(12)6-8-11/h5-8H,3-4,9H2,1-2H3",5.53512353543065
"InChI=1S/C11H19N3O/c1-4-6-7-9-8(3)13-11(12-5-2)14-10(9)15/h4-7H2,1-3H3,(H2,12,13,14,15)",3.92280444363211
"InChI=1S/C11H20N3O3PS/c1-6-14(7-2)11-12-9(3)8-10(13-11)17-18(19,15-4)16-5/h8H,6-7H2,1-5H3",4.34489545637121
"InChI=1S/C11H20N3O3PS/c1-6-14(7-2)11-12-9(3)8-10(13-11)17-18(19,15-4)16-5/h8H,6-7H2,1-5H3",5.08683453410041
"InChI=1S/C11H21NOS/c1-3-12(11(13)14-4-2)10-8-6-5-7-9-10/h10H,3-9H2,1-2H3",4.85603479370532
"InChI=1S/C11H23NOS/c1-6-14-11(13)12(7-9(2)3)8-10(4)5/h9-10H,6-8H2,1-5H3",3.3372024424539
"InChI=1S/C11H9Cl2NO2/c12-6-1-2-7-16-11(15)14-10-5-3-4-9(13)8-10/h3-5,8H,6-7H2,(H,14,15)",2.75857660132254
"InChI=1S/C12H10Cl2F3NO/c13-5-7-6-18(11(19)10(7)14)9-3-1-2-8(4-9)12(15,16)17/h1-4,7,10H,5-6H2",4.79534478918374
"InChI=1S/C12H10O/c13-12-9-5-4-8-11(12)10-6-2-1-3-7-10/h1-9,13H",2.23097792739447
"InChI=1S/C12H11Cl2N3O2/c13-9-1-2-10(11(14)5-9)12(18-3-4-19-12)6-17-8-15-7-16-17/h1-2,5,7-8H,3-4,6H2",4.47732480426449
"InChI=1S/C12H11N/c1-3-7-11(8-4-1)13-12-9-5-2-6-10-12/h1-10,13H",3.73709625897028
"InChI=1S/C12H11N/c1-3-7-11(8-4-1)13-12-9-5-2-6-10-12/h1-10,13H",3.83051794413252
"InChI=1S/C12H11NO2/c1-13-12(14)15-11-8-4-6-9-5-2-3-7-10(9)11/h2-8H,1H3,(H,13,14)",3.52552257057249
"InChI=1S/C12H11NO2/c1-13-12(14)15-11-8-4-6-9-5-2-3-7-10(9)11/h2-8H,1H3,(H,13,14)",4.11054922260167
"InChI=1S/C12H12ClN5O4S/c1-7-14-10(17-12(15-7)22-2)16-11(19)18-23(20,21)9-6-4-3-5-8(9)13/h3-6H,1-2H3,(H2,14,15,16,17,18,19)",4.15566728690676
"InChI=1S/C12H12N2/c1-3-7-13-9-10-14-8-4-2-6-12(14)11(13)5-1/h1-8H,9-10H2",5.50194904825203
"InChI=1S/C12H12N2/c1-3-7-13-9-10-14-8-4-2-6-12(14)11(13)5-1/h1-8H,9-10H2",5.50950218614247
"InChI=1S/C12H13ClF3N3O4/c1-2-4-17(5-3-13)11-9(18(20)21)6-8(12(14,15)16)7-10(11)19(22)23/h6-7H,2-5H2,1H3",3.24487034075484
"InChI=1S/C12H13N5O6S2/c1-6-13-10(16-12(14-6)23-3)15-11(19)17-25(20,21)7-4-5-24-8(7)9(18)22-2/h4-5H,1-3H3,(H2,13,14,15,16,17,19)",4.19021010110931
"InChI=1S/C12H13NO2S/c1-9-11(16-8-7-15-9)12(14)13-10-5-3-2-4-6-10/h2-6H,7-8H2,1H3,(H,13,14)",3.89450458533419
"InChI=1S/C12H14Cl3O4P/c1-3-17-20(16,18-4-2)19-12(8-13)10-6-5-9(14)7-11(10)15/h5-8H,3-4H2,1-2H3",5.3796920956126
"InChI=1S/C12H14ClNO2/c1-12(2)8-16-14(11(12)15)7-9-5-3-4-6-10(9)13/h3-6H,7-8H2,1-2H3",4.04722605916309
"InChI=1S/C12H14N2/c1-13-7-3-11(4-8-13)12-5-9-14(2)10-6-12/h3-10H,1-2H3",4.69607191571383
"InChI=1S/C12H14N2/c1-13-7-3-11(4-8-13)12-5-9-14(2)10-6-12/h3-10H,1-2H3",4.86356300300759
"InChI=1S/C12H14N2/c13-8-9-14-12-7-3-5-10-4-1-2-6-11(10)12/h1-7,14H,8-9,13H2",3.3724760921511
"InChI=1S/C12H14N4O2S/c1-8-7-9(2)15-12(14-8)16-19(17,18)11-5-3-10(13)4-6-11/h3-7H,13H2,1-2H3,(H,14,15,16)",3.92604632938062
"InChI=1S/C12H14N4O4S2/c1-19-11(17)15-9(21)13-7-5-3-4-6-8(7)14-10(22)16-12(18)20-2/h3-6H,1-2H3,(H2,13,15,17,21)(H2,14,16,18,22)",4.0293761165818
"InChI=1S/C12H14O3/c1-3-14-11(13)10-12(2,15-10)9-7-5-4-6-8-9/h4-8,10H,3H2,1-2H3",3.07133013436744
"InChI=1S/C12H14O4/c1-3-15-11(13)9-7-5-6-8-10(9)12(14)16-4-2/h5-8H,3-4H2,1-2H3",1.69992305435084
"InChI=1S/C12H15ClNO4PS2/c1-3-16-19(20,17-4-2)21-8-14-10-6-5-9(13)7-11(10)18-12(14)15/h5-7H,3-4,8H2,1-2H3",5.26459183786176
"InChI=1S/C12H15N3O2S/c1-3-6-18-8-4-5-9-10(7-8)14-11(13-9)15-12(16)17-2/h4-5,7H,3,6H2,1-2H3,(H2,13,14,15,16)",4.12275865288522
"InChI=1S/C12H15NO3/c1-12(2)7-8-5-4-6-9(10(8)16-12)15-11(14)13-3/h4-6H,7H2,1-3H3,(H,13,14)",4.64591798599928
"InChI=1S/C12H16ClNOS/c1-3-14(4-2)12(15)16-9-10-5-7-11(13)8-6-10/h5-8H,3-4,9H2,1-2H3",4.71227844003234
"InChI=1S/C12H16N3O3PS/c1-3-16-19(20,17-4-2)18-12-13-10-15(14-12)11-8-6-5-7-9-11/h5-10H,3-4H2,1-2H3",5.38203437103643
"InChI=1S/C12H18N2O2/c1-8-6-10(16-12(15)13-3)7-9(2)11(8)14(4)5/h6-7H,1-5H3,(H,13,15)",5.17081600643967
"InChI=1S/C12H18N4O6S/c1-7(2)14(8(3)4)12-10(15(17)18)5-9(23(13,21)22)6-11(12)16(19)20/h5-8H,1-4H3,(H2,13,21,22)",3.88631461533234
"InChI=1S/C12H18N4O6S/c1-7(2)14(8(3)4)12-10(15(17)18)5-9(23(13,21)22)6-11(12)16(19)20/h5-8H,1-4H3,(H2,13,21,22)",3.97297179822463
"InChI=1S/C12H19ClNO3P/c1-12(2,3)9-6-7-11(10(13)8-9)17-18(15,14-4)16-5/h6-8H,1-5H3,(H,14,15)",4.86289269710557
"InChI=1S/C12H19O2PS3/c1-4-10-18-15(16,13-5-2)14-11-6-8-12(17-3)9-7-11/h6-9H,4-5,10H2,1-3H3",4.44776025923588
"InChI=1S/C12H20N4O2/c1-14(2)10-13-11(17)16(12(18)15(10)3)9-7-5-4-6-8-9/h9H,4-8H2,1-3H3",3.70296927879496
"InChI=1S/C12H21N2O3PS/c1-6-15-18(19,16-7-2)17-11-8-10(5)13-12(14-11)9(3)4/h8-9H,6-7H2,1-5H3",4.71993889259734
"InChI=1S/C12H21N2O3PS/c1-6-15-18(19,16-7-2)17-11-8-10(5)13-12(14-11)9(3)4/h8-9H,6-7H2,1-5H3",5.3072756271046
"InChI=1S/C12H27OPS3/c1-4-7-10-15-14(13,16-11-8-5-2)17-12-9-6-3/h4-12H2,1-3H3",5.40072574498715
"InChI=1S/C12H4Cl2F6N4OS/c13-5-1-4(11(15,16)17)2-6(14)8(5)24-10(22)9(7(3-21)23-24)26(25)12(18,19)20/h1-2H,22H2",6.8624770260417
"InChI=1S/C12H6Cl4O2S/c13-7-1-3-8(4-2-7)19(17,18)12-6-10(15)9(14)5-11(12)16/h1-6H",3.18978539843532
"InChI=1S/C12H6F2N2O2/c13-12(14)17-10-3-1-2-8(11(10)18-12)9-6-16-5-7(9)4-15/h1-3,5-6,16H",3.35338292576111
"InChI=1S/C12H8Cl2O3S/c13-9-1-5-11(6-2-9)17-18(15,16)12-7-3-10(14)4-8-12/h1-8H",5.08373349418451
"InChI=1S/C12H8Cl6/c13-8-9(14)11(16)7-5-2-1-4(3-5)6(7)10(8,15)12(11,17)18/h1-2,4-7H,3H2",7.56218566972996
"InChI=1S/C12H8Cl6O/c13-8-9(14)11(16)5-3-1-2(6-7(3)19-6)4(5)10(8,15)12(11,17)18/h2-7H,1H2",6.18288159033454
"InChI=1S/C12H8Cl6O/c13-8-9(14)11(16)5-3-1-2(6-7(3)19-6)4(5)10(8,15)12(11,17)18/h2-7H,1H2",6.48391158599853
"InChI=1S/C12H8Cl6O/c13-8-9(14)11(16)5-3-1-2(6-7(3)19-6)4(5)10(8,15)12(11,17)18/h2-7H,1H2",6.58082159900658
"InChI=1S/C12H8Cl6O/c13-8-9(14)11(16)5-3-1-2(6-7(3)19-6)4(5)10(8,15)12(11,17)18/h2-7H,1H2",6.88185159467056
"InChI=1S/C12H8Cl6O/c13-8-9(14)3-1-4-5(2(3)7-6(1)19-7)11(9,16)12(17,18)10(4,8)15/h1-8H",5.73572355899233
"InChI=1S/C12H9Cl2NO3/c1-3-12(2)10(16)15(11(17)18-12)9-5-7(13)4-8(14)6-9/h3-6H,1H2,2H3",3.59380666266014
"InChI=1S/C12H9ClF3N3O/c1-17-9-6-18-19(11(20)10(9)13)8-4-2-3-7(5-8)12(14,15)16/h2-6,17H,1H3",3.77270454387038
"InChI=1S/C12H9ClF3N3O/c1-17-9-6-18-19(11(20)10(9)13)8-4-2-3-7(5-8)12(14,15)16/h2-6,17H,1H3",4.20939714153443
"InChI=1S/C13H11Cl2NO2/c1-12-6-13(12,2)11(18)16(10(12)17)9-4-7(14)3-8(15)5-9/h3-5H,6H2,1-2H3",4.27743796844594
"InChI=1S/C13H11N3/c14-10-3-1-8-5-9-2-4-11(15)7-13(9)16-12(8)6-10/h1-7H,14-15H2",3.64856042750458
"InChI=1S/C13H12BrCl2N3O/c14-9-4-13(20-5-9,6-19-8-17-7-18-19)11-2-1-10(15)3-12(11)16/h1-3,7-9H,4-6H2",4.76483992624863
"InChI=1S/C13H13Cl2N3O3/c1-7(2)16-12(20)17-6-11(19)18(13(17)21)10-4-8(14)3-9(15)5-10/h3-5,7H,6H2,1-2H3,(H,16,20)",3.85597533208895
"InChI=1S/C13H14F3N3O4/c1-4-17(7-8(2)3)12-10(18(20)21)5-9(13(14,15)16)6-11(12)19(22)23/h5-6H,2,4,7H2,1,3H3",4.42587730748324
"InChI=1S/C13H15N3O3/c1-7(2)13(3)12(19)15-10(16-13)9-8(11(17)18)5-4-6-14-9/h4-7H,1-3H3,(H,17,18)(H,15,16,19)",2.71813034538638
"InChI=1S/C13H16F3N3O4/c1-7(2)17(8(3)4)12-10(18(20)21)5-9(13(14,15)16)6-11(12)19(22)23/h5-8H,1-4H3",2.52540641675307
"InChI=1S/C13H16F3N3O4/c1-7(2)17(8(3)4)12-10(18(20)21)5-9(13(14,15)16)6-11(12)19(22)23/h5-8H,1-4H3",3.92334642542511
"InChI=1S/C13H17F3N4O4/c1-3-5-18(6-4-2)11-9(19(21)22)7-8(13(14,15)16)10(17)12(11)20(23)24/h7H,3-6,17H2,1-2H3",4.0760849833355
"InChI=1S/C13H17NO4/c1-3-7-17-12(15)10-5-6-11(14-9-10)13(16)18-8-4-2/h5-6,9H,3-4,7-8H2,1-2H3",3.00221511481659
"InChI=1S/C13H22NO3PS/c1-6-16-18(15,14-10(2)3)17-12-7-8-13(19-5)11(4)9-12/h7-10H,6H2,1-5H3,(H,14,15)",5.25150573076352
"InChI=1S/C13H22NO3PS/c1-6-16-18(15,14-10(2)3)17-12-7-8-13(19-5)11(4)9-12/h7-10H,6H2,1-5H3,(H,14,15)",5.30586339308612
"InChI=1S/C13H6Cl6O2/c14-6-2-8(16)12(20)4(10(6)18)1-5-11(19)7(15)3-9(17)13(5)21/h2-3,20-21H,1H2",4.9105214638308
"InChI=1S/C14H12Cl2N2O/c1-19-18-14(7-10-3-2-6-17-9-10)12-5-4-11(15)8-13(12)16/h2-6,8-9H,7H2,1H3",3.81685069684023
"InChI=1S/C14H12FNO3/c1-7-2-3-8-4-9(15)5-10-12(8)16(7)6-11(13(10)17)14(18)19/h4-7H,2-3H2,1H3,(H,18,19)",2.81499362006104
"InChI=1S/C14H14Cl2N2O/c1-2-7-19-14(9-18-6-5-17-10-18)12-4-3-11(15)8-13(12)16/h2-6,8,10,14H,1,7,9H2",3.87095923630552
"InChI=1S/C14H14Cl2N2O/c1-2-7-19-14(9-18-6-5-17-10-18)12-4-3-11(15)8-13(12)16/h2-6,8,10,14H,1,7,9H2",4.29692796857781
"InChI=1S/C14H15N3/c1-10-9-13(11-7-8-11)17-14(15-10)16-12-5-3-2-4-6-12/h2-6,9,11H,7-8H2,1H3,(H,15,16,17)",3.80128998933051
"InChI=1S/C14H15N5O6S/c1-8-15-12(18-14(16-8)25-3)17-13(21)19-26(22,23)10-7-5-4-6-9(10)11(20)24-2/h4-7H,1-3H3,(H2,15,16,17,18,19,21)",3.18339945768247
"InChI=1S/C14H16ClN3O2/c1-14(2,3)12(19)13(18-9-16-8-17-18)20-11-6-4-10(15)5-7-11/h4-9,13H,1-3H3",3.41107116109321
"InChI=1S/C14H16ClN3O2/c1-14(2,3)12(19)13(18-9-16-8-17-18)20-11-6-4-10(15)5-7-11/h4-9,13H,1-3H3",4.07003600375764
"InChI=1S/C14H16ClN5O5S/c1-9-16-12(19-14(17-9)24-2)18-13(21)20-26(22,23)11-6-4-3-5-10(11)25-8-7-15/h3-6H,7-8H2,1-2H3,(H2,16,17,18,19,20,21)",3.260038251795
"InChI=1S/C14H16ClO5PS/c1-4-17-21(22,18-5-2)20-10-6-7-11-9(3)13(15)14(16)19-12(11)8-10/h6-8H,4-5H2,1-3H3",5.32917717728496
"InChI=1S/C14H16ClO5PS/c1-4-17-21(22,18-5-2)20-10-6-7-11-9(3)13(15)14(16)19-12(11)8-10/h6-8H,4-5H2,1-3H3",5.65653611167129
"InChI=1S/C14H16F3N3O4/c1-2-5-18(8-9-3-4-9)13-11(19(21)22)6-10(14(15,16)17)7-12(13)20(23)24/h6-7,9H,2-5,8H2,1H3",4.8417219607834
"InChI=1S/C14H16O6/c1-3-18-12(15)9-20-14(17)11-8-6-5-7-10(11)13(16)19-4-2/h5-8H,3-4,9H2,1-2H3",2.04964162538818
"InChI=1S/C14H17Cl2N3O/c1-2-3-6-14(20,8-19-10-17-9-18-19)12-5-4-11(15)7-13(12)16/h4-5,7,9-10,20H,2-3,6,8H2,1H3",4.82512253178873
"InChI=1S/C14H17Cl2NO2/c1-14(7-3-2-4-8-14)13(19)17-9-5-6-10(18)12(16)11(9)15/h5-6,18H,2-4,7-8H2,1H3,(H,17,19)",3.01490626247445
"InChI=1S/C14H17ClNO4PS2/c1-3-19-21(22,20-4-2)23-12(9-15)16-13(17)10-7-5-6-8-11(10)14(16)18/h5-8,12H,3-4,9H2,1-2H3",5.1973862550211
"InChI=1S/C14H18ClN3O2/c1-14(2,3)12(19)13(18-9-16-8-17-18)20-11-6-4-10(15)5-7-11/h4-9,12-13,19H,1-3H3",3.4497569224579
"InChI=1S/C14H18ClN3O2/c1-14(2,3)12(19)13(18-9-16-8-17-18)20-11-6-4-10(15)5-7-11/h4-9,12-13,19H,1-3H3",4.07300621285581
"InChI=1S/C14H18N2O4/c1-10-5-4-6-11(2)13(10)16(12(17)9-19-3)15-7-8-20-14(15)18/h4-6H,7-9H2,1-3H3",3.74554900711723
"InChI=1S/C14H18N2O5/c1-21-14(20)11(7-9-5-3-2-4-6-9)16-13(19)10(15)8-12(17)18/h2-6,10-11H,7-8,15H2,1H3,(H,16,19)(H,17,18)",3.30147753146833
"InChI=1S/C14H18N4O3/c1-3-4-9-15-13(19)18-11-8-6-5-7-10(11)16-12(18)17-14(20)21-2/h5-8H,3-4,9H2,1-2H3,(H,15,19)(H,16,17,20)",3.06493353581742
"InChI=1S/C14H18N4O3/c1-3-4-9-15-13(19)18-11-8-6-5-7-10(11)16-12(18)17-14(20)21-2/h5-8H,3-4,9H2,1-2H3,(H,15,19)(H,16,17,20)",3.40217570413585
"InChI=1S/C14H19NO/c1-5-16-11-6-7-13-12(8-11)10(2)9-14(3,4)15-13/h6-9,15H,5H2,1-4H3",4.25789199055837
"InChI=1S/C14H20ClNO2/c1-4-11-7-6-8-12(5-2)14(11)16(10-18-3)13(17)9-15/h6-8H,4-5,9-10H2,1-3H3",4.25489772423536
"InChI=1S/C14H20ClNO2/c1-4-11-7-6-8-12(5-2)14(11)16(10-18-3)13(17)9-15/h6-8H,4-5,9-10H2,1-3H3",4.28486094761281
"InChI=1S/C14H20ClNO2/c1-4-12-8-6-7-11(3)14(12)16(10-18-5-2)13(17)9-15/h6-8H,4-5,9-10H2,1-3H3",3.73201897895503
"InChI=1S/C14H20N3O5PS/c1-5-19-14(18)11-9-17-12(15-10(11)4)8-13(16-17)22-23(24,20-6-2)21-7-3/h8-9H,5-7H2,1-4H3",4.97007298557879
"InChI=1S/C14H21N3O4/c1-6-9(2)15-13-11(16(18)19)7-10(14(3,4)5)8-12(13)17(20)21/h7-9,15H,6H2,1-5H3",3.77134379610358
"InChI=1S/C14H24NO4PS3/c1-12(2)18-20(21,19-13(3)4)22-11-10-15-23(16,17)14-8-6-5-7-9-14/h5-9,12-13,15H,10-11H2,1-4H3",4.42326053700057
"InChI=1S/C14H6Cl2F4N2O2/c15-5-4-8(12(20)10(16)11(5)19)21-14(24)22-13(23)9-6(17)2-1-3-7(9)18/h1-4H,(H2,21,22,23,24)",4.16607614499238
"InChI=1S/C14H6Cl2F4N2O2/c15-5-4-8(12(20)10(16)11(5)19)21-14(24)22-13(23)9-6(17)2-1-3-7(9)18/h1-4H,(H2,21,22,23,24)",4.18310948429116
"InChI=1S/C14H7ClF3NO5/c15-10-5-7(14(16,17)18)1-4-12(10)24-8-2-3-11(19(22)23)9(6-8)13(20)21/h1-6H,(H,20,21)",3.46138721019571
"InChI=1S/C14H9Cl5/c15-11-5-1-9(2-6-11)13(14(17,18)19)10-3-7-12(16)8-4-10/h1-8,13H",4.04444942813338
"InChI=1S/C14H9Cl5/c15-11-5-1-9(2-6-11)13(14(17,18)19)10-3-7-12(16)8-4-10/h1-8,13H",6.15165939778125
"InChI=1S/C14H9Cl5O/c15-11-5-1-9(2-6-11)13(20,14(17,18)19)10-3-7-12(16)8-4-10/h1-8,20H",4.26774140719551
"InChI=1S/C14H9Cl5O/c15-11-5-1-9(2-6-11)13(20,14(17,18)19)10-3-7-12(16)8-4-10/h1-8,20H",5.17083139418745
"InChI=1S/C14H9ClF2N2O2/c15-8-4-6-9(7-5-8)18-14(21)19-13(20)12-10(16)2-1-3-11(12)17/h1-7H,(H2,18,19,20,21)",4.58922787551359
"InChI=1S/C14H9ClF2N2O2/c15-8-4-6-9(7-5-8)18-14(21)19-13(20)12-10(16)2-1-3-11(12)17/h1-7H,(H2,18,19,20,21)",4.60022325981506
"InChI=1S/C14H9ClF2N2O2/c15-8-4-6-9(7-5-8)18-14(21)19-13(20)12-10(16)2-1-3-11(12)17/h1-7H,(H2,18,19,20,21)",4.64721982249128
"InChI=1S/C15H10ClF3N2O6S/c1-28(25,26)20-14(22)10-7-9(3-4-12(10)21(23)24)27-13-5-2-8(6-11(13)16)15(17,18)19/h2-7H,1H3,(H,20,22)",3.94325990345253
"InChI=1S/C15H10O7/c16-7-4-10(19)12-11(5-7)22-15(14(21)13(12)20)6-1-2-8(17)9(18)3-6/h1-5,16-19,21H",2.17199481319419
"InChI=1S/C15H11BrClF3N2O/c1-2-23-8-22-13(9-3-5-10(17)6-4-9)11(7-21)12(16)14(22)15(18,19)20/h3-6H,2,8H2,1H3",4.47670895789257
"InChI=1S/C15H11ClF3NO4/c1-2-23-14-8-10(4-5-12(14)20(21)22)24-13-6-3-9(7-11(13)16)15(17,18)19/h3-8H,2H2,1H3",3.95628893719942
"InChI=1S/C15H11ClF3NO4/c1-2-23-14-8-10(4-5-12(14)20(21)22)24-13-6-3-9(7-11(13)16)15(17,18)19/h3-8H,2H2,1H3",4.55834892852739
"InChI=1S/C15H11ClF3NO4/c1-8(14(21)22)23-10-2-4-11(5-3-10)24-13-12(16)6-9(7-20-13)15(17,18)19/h2-8H,1H3,(H,21,22)",6.55834892852739
"InChI=1S/C15H11ClO3/c1-19-14(17)15(18)12-5-3-2-4-10(12)11-7-6-9(16)8-13(11)15/h2-8,18H,1H3",3.26276588262396
"InChI=1S/C15H12F2N3Si/c16-12-1-5-14(6-2-12)21(11-20-10-18-9-19-20)15-7-3-13(17)4-8-15/h1-10H,11H2",5.1159116373222
"InChI=1S/C15H12F3NO4S/c1-24(21,22)12-6-9(15(16,17)18)4-5-10(12)13(20)11-7-19-23-14(11)8-2-3-8/h4-8H,2-3H2,1H3",4.25445174537182
"InChI=1S/C15H12F4N4O7S/c1-28-11(24)7-4-2-3-5-8(7)31(26,27)23-15(25)22-14-20-9(29-12(16)17)6-10(21-14)30-13(18)19/h2-6,12-13H,1H3,(H2,20,21,22,23,25)",3.52443042732356
"InChI=1S/C15H13N3O2S/c1-20-15(19)18-14-16-12-8-7-11(9-13(12)17-14)21-10-5-3-2-4-6-10/h2-9H,1H3,(H2,16,17,18,19)",4.30008455052816
"InChI=1S/C15H13N3O3S/c1-21-15(19)18-14-16-12-8-7-11(9-13(12)17-14)22(20)10-5-3-2-4-6-10/h2-9H,1H3,(H2,16,17,18,19)",5.1977587356423
"InChI=1S/C15H14Cl2F3N3O3/c1-3-26-13(24)10(17)4-8-5-12(11(18)6-9(8)16)23-15(25)22(14(19)20)7(2)21-23/h5-6,10,14H,3-4H2,1-2H3",4.53591743757444
"InChI=1S/C15H14O2/c1-2-6-12(7-3-1)14-8-4-5-9-15(14)17-11-13-10-16-13/h1-9,13H,10-11H2",2.65565785542345
"InChI=1S/C15H15ClN4O6S/c1-3-26-13(21)9-6-4-5-7-10(9)27(23,24)20-15(22)19-14-17-11(16)8-12(18-14)25-2/h4-8H,3H2,1-2H3,(H2,17,18,19,20,22)",3.52095051170688
"InChI=1S/C15H15F3N2O2/c1-10(2)14(21,12-7-19-9-20-8-12)11-3-5-13(6-4-11)22-15(16,17)18/h3-10,21H,1-2H3",4.41176854866759
"InChI=1S/C15H16Cl3N3O2/c1-2-4-20(15(22)21-5-3-19-10-21)6-7-23-14-12(17)8-11(16)9-13(14)18/h3,5,8-10H,2,4,6-7H2,1H3",4.7008945110302
"InChI=1S/C15H16Cl3N3O2/c1-2-4-20(15(22)21-5-3-19-10-21)6-7-23-14-12(17)8-11(16)9-13(14)18/h3,5,8-10H,2,4,6-7H2,1H3",4.86838559832397
"InChI=1S/C15H16F3N5O4S/c1-9-19-12(22-14(20-9)27-2)21-13(24)23-28(25,26)11-6-4-3-5-10(11)7-8-15(16,17)18/h3-6H,7-8H2,1-2H3,(H2,19,20,21,22,23,24)",3.72005974473228
"InChI=1S/C15H16F5NO2S2/c1-6(2)5-7-8(13(22)24-3)10(12(16)17)21-11(15(18,19)20)9(7)14(23)25-4/h6,12H,5H2,1-4H3",5.04368703263975
"InChI=1S/C15H16O2/c1-15(2,11-3-7-13(16)8-4-11)12-5-9-14(17)10-6-12/h3-10,16-17H,1-2H3",3.65950992099517
"InChI=1S/C15H17Cl2N3O/c1-15(2,3)14(21)13(20-9-18-8-19-20)6-10-4-5-11(16)7-12(10)17/h4-9,14,21H,1-3H3",3.81454188371475
"InChI=1S/C15H17Cl2N3O2/c1-2-3-12-7-21-15(22-12,8-20-10-18-9-19-20)13-5-4-11(16)6-14(13)17/h4-6,9-10,12H,2-3,7-8H2,1H3",3.5520346361573
"InChI=1S/C15H17Cl2N3O2/c1-2-3-12-7-21-15(22-12,8-20-10-18-9-19-20)13-5-4-11(16)6-14(13)17/h4-6,9-10,12H,2-3,7-8H2,1H3",4.13636586052483
"InChI=1S/C15H17ClN4/c1-2-3-8-15(9-17,10-20-12-18-11-19-20)13-4-6-14(16)7-5-13/h4-7,11-12H,2-3,8,10H2,1H3",4.46756491519242
"InChI=1S/C15H17ClN4/c1-2-3-8-15(9-17,10-20-12-18-11-19-20)13-4-6-14(16)7-5-13/h4-7,11-12H,2-3,8,10H2,1H3",4.46933393793126
"InChI=1S/C15H17N5O6S/c1-9-16-13(18-14(17-9)26-4)20(2)15(22)19-27(23,24)11-8-6-5-7-10(11)12(21)25-3/h5-8H,1-4H3,(H,19,22)",4.50011608554638
"InChI=1S/C15H18Cl2N2O3/c1-8(2)21-12-7-11(9(16)6-10(12)17)19-14(20)22-13(18-19)15(3,4)5/h6-8H,1-5H3",4.83912722706429
"InChI=1S/C15H18ClN3O/c1-15(2,3)14(20)13(19-10-17-9-18-19)8-11-4-6-12(16)7-5-11/h4-10,14,20H,1-3H3",3.8694430122441
"InChI=1S/C15H21ClN2O2/c1-4-12-7-6-8-13(5-2)15(12)18(14(20)9-16)10-17-11(3)19/h6-8H,4-5,9-10H2,1-3H3,(H,17,19)",3.67657281690409
"InChI=1S/C15H21NO4/c1-10-7-6-8-11(2)14(10)16(13(17)9-19-4)12(3)15(18)20-5/h6-8,12H,9H2,1-5H3",3.65023995836629
"InChI=1S/C15H22ClNO2/c1-5-13-8-6-7-11(2)15(13)17(14(18)9-16)12(3)10-19-4/h6-8,12H,5,9-10H2,1-4H3",3.27691146056582
"InChI=1S/C15H24NO4PS/c1-6-18-21(22,16-11(2)3)20-14-10-8-7-9-13(14)15(17)19-12(4)5/h7-12H,6H2,1-5H3,(H,16,22)",5.83934493677328
"InChI=1S/C15H31N3O2/c1-14(19)20-13-11-9-7-5-3-2-4-6-8-10-12-18-15(16)17/h2-13H2,1H3,(H4,16,17,18)",3.99309483347533
"InChI=1S/C16H12ClF4N3O4/c1-2-22(8-10-11(17)4-3-5-12(10)18)15-13(23(25)26)6-9(16(19,20)21)7-14(15)24(27)28/h3-7H,2,8H2,1H3",3.92606530797808
"InChI=1S/C16H12N2O4S/c19-15-9-6-11-10-13(23(20,21)22)7-8-14(11)16(15)18-17-12-4-2-1-3-5-12/h1-10,19H,(H,20,21,22)",3.26105456902449
"InChI=1S/C16H13ClF3NO4/c1-9(15(22)23-2)24-11-3-5-12(6-4-11)25-14-13(17)7-10(8-21-14)16(18,19)20/h3-9H,1-2H3",5.57487232351041
"InChI=1S/C16H14Cl2O3/c1-2-21-15(19)16(20,11-3-7-13(17)8-4-11)12-5-9-14(18)10-6-12/h3-10,20H,2H2,1H3",4.24731476483975
"InChI=1S/C16H15Cl3O2/c1-20-13-7-3-11(4-8-13)15(16(17,18)19)12-5-9-14(21-2)10-6-12/h3-10,15H,1-2H3",3.44172416093488
"InChI=1S/C16H15F2N3Si/c1-22(12-21-11-19-10-20-21,15-6-2-13(17)3-7-15)16-8-4-14(18)5-9-16/h2-11H,12H2,1H3",5.19782165018731
"InChI=1S/C16H16N2O4/c1-11-5-3-6-12(9-11)18-16(20)22-14-8-4-7-13(10-14)17-15(19)21-2/h3-10H,1-2H3,(H,17,19)(H,18,20)",4.0796286862285
"InChI=1S/C16H17F5N2O2S/c1-7(2)6-8-9(15(24)25-3)11(13(17)18)23-12(16(19,20)21)10(8)14-22-4-5-26-14/h7,13H,4-6H2,1-3H3",3.95268441956944
"InChI=1S/C16H17NO/c1-17(2)16(18)15(13-9-5-3-6-10-13)14-11-7-4-8-12-14/h3-12,15H,1-2H3",3.90184372972497
"InChI=1S/C16H18N4O7S/c1-25-12-8-13(26-2)18-15(17-12)19-16(22)20-28(23,24)9-10-6-4-5-7-11(10)14(21)27-3/h4-8H,9H2,1-3H3,(H2,17,18,19,20,22)",3.12325069281768
"InChI=1S/C16H20N2O3/c1-9(2)16(4)15(20)17-13(18-16)12-8-10(3)6-7-11(12)14(19)21-5/h6-9H,1-5H3,(H,17,18,20)",3.76093729967937
"InChI=1S/C16H22ClN3O/c1-15(2,3)16(21,10-20-12-18-11-19-20)9-8-13-4-6-14(17)7-5-13/h4-7,11-12,21H,8-10H2,1-3H3",4.28689742390489
"InChI=1S/C16H22ClNO3/c1-4-12-8-7-9-13(5-2)16(12)18(14(19)10-17)11-15(20)21-6-3/h7-9H,4-6,10-11H2,1-3H3",3.79491137150459
"InChI=1S/C16H22O4/c1-3-5-11-19-15(17)13-9-7-8-10-14(13)16(18)20-12-6-4-2/h7-10H,3-6,11-12H2,1-2H3",2.66642980233607
"InChI=1S/C16H23N3OS/c1-12(2)19-14(17-16(3,4)5)21-11-18(15(19)20)13-9-7-6-8-10-13/h6-10,12H,11H2,1-5H3",4.545404269691
"InChI=1S/C17H12Cl2N2O/c18-14-7-5-12(6-8-14)17(22,13-9-20-11-21-10-13)15-3-1-2-4-16(15)19/h1-11,22H",5.15835722073531
"InChI=1S/C17H12ClFN2O/c18-16-4-2-1-3-15(16)17(22,13-9-20-11-21-10-13)12-5-7-14(19)8-6-12/h1-11,22H",5.10001384041789
"InChI=1S/C17H14ClF7O2/c1-6-11(19)13(21)7(14(22)12(6)20)5-27-15(26)10-8(16(10,2)3)4-9(18)17(23,24)25/h4,8,10H,5H2,1-3H3",4.9591800647055
"InChI=1S/C17H16Br2O3/c1-11(2)22-16(20)17(21,12-3-7-14(18)8-4-12)13-5-9-15(19)10-6-13/h3-11,21H,1-2H3",4.21658723866328
"InChI=1S/C17H16Cl2O3/c1-11(2)22-16(20)17(21,12-3-7-14(18)8-4-12)13-5-9-15(19)10-6-13/h3-11,21H,1-2H3",4.57623015760927
"InChI=1S/C17H16F3NO2/c1-11(2)23-13-7-5-6-12(10-13)21-16(22)14-8-3-4-9-15(14)17(18,19)20/h3-11H,1-2H3,(H,21,22)",2.81064866255668
"InChI=1S/C17H16F3NO2/c1-11(2)23-13-7-5-6-12(10-13)21-16(22)14-8-3-4-9-15(14)17(18,19)20/h3-11H,1-2H3,(H,21,22)",3.57009941427408
"InChI=1S/C17H17N2/c1-18-16(14-9-5-3-6-10-14)13-17(19(18)2)15-11-7-4-8-12-15/h3-13H,1-2H3",3.2998650117386
"InChI=1S/C17H17N3O3/c1-9(2)17(3)16(23)19-14(20-17)13-11(15(21)22)8-10-6-4-5-7-12(10)18-13/h4-9H,1-3H3,(H,21,22)(H,19,20,23)",4.19219820184676
"InChI=1S/C17H18N4O6S/c1-10-7-11(2)19-16(18-10)20-17(23)21-28(24,25)14-6-4-3-5-13(14)15(22)27-12-8-26-9-12/h3-7,12H,8-9H2,1-2H3,(H2,18,19,20,21,23)",3.68988952034363
"InChI=1S/C17H19NO4/c1-2-20-17(19)18-12-13-21-14-8-10-16(11-9-14)22-15-6-4-3-5-7-15/h3-11H,2,12-13H2,1H3,(H,18,19)",4.4790525467538
"InChI=1S/C17H20N2S/c1-13(18(2)3)12-19-14-8-4-6-10-16(14)20-17-11-7-5-9-15(17)19/h4-11,13H,12H2,1-3H3",4.23385066979149
"InChI=1S/C17H21ClN2O2S/c1-11-15(12-7-9-13(18)10-8-12)23-17(22)20(11)16(21)19-14-5-3-2-4-6-14/h7-11,14-15H,2-6H2,1H3,(H,19,21)",3.34350563448343
"InChI=1S/C17H21NO2/c1-4-18(5-2)17(19)13(3)20-16-12-8-10-14-9-6-7-11-15(14)16/h6-13H,4-5H2,1-3H3",3.43353645191675
"InChI=1S/C17H26ClNO3S/c1-4-14(19-22-8-6-7-18)17-15(20)10-13(11-16(17)21)9-12(3)23-5-2/h6-7,12-13,19H,4-5,8-11H2,1-3H3",3.55619540984755
"InChI=1S/C17H26ClNO3S/c1-4-14(19-22-8-6-7-18)17-15(20)10-13(11-16(17)21)9-12(3)23-5-2/h6-7,12-13,19H,4-5,8-11H2,1-3H3",3.62169695860399
"InChI=1S/C17H27NO3S/c1-3-6-14(18-21-4-2)17-15(19)9-13(10-16(17)20)12-7-5-8-22-11-12/h12-13,18H,3-11H2,1-2H3",4.0653478352871
"InChI=1S/C17H29NO3S/c1-5-8-14(18-21-6-2)17-15(19)10-13(11-16(17)20)9-12(4)22-7-3/h12-13,17H,5-11H2,1-4H3",4.29612718117234
"InChI=1S/C17H9Cl3N4O2/c18-10-3-1-9(2-4-10)11(7-21)15-12(19)5-6-13(16(15)20)24-17(26)23-14(25)8-22-24/h1-6,8,11H,(H,23,25,26)",4.24854678350451
"InChI=1S/C17H9Cl3N4O2/c18-10-3-1-9(2-4-10)11(7-21)15-12(19)5-6-13(16(15)20)24-17(26)23-14(25)8-22-24/h1-6,8,11H,(H,23,25,26)",4.43418336046643
"InChI=1S/C17H9ClF8N2O4/c18-8-6-7(4-5-11(8)31-16(22,23)14(21)32-17(24,25)26)27-15(30)28-13(29)12-9(19)2-1-3-10(12)20/h1-6,14H,(H2,27,28,29,30)",4.13628410350378
"InChI=1S/C18H13ClF3NO7/c1-2-28-16(24)9-29-17(25)12-8-11(4-5-14(12)23(26)27)30-15-6-3-10(7-13(15)19)18(20,21)22/h3-8H,2,9H2,1H3",4.25309221972639
"InChI=1S/C18H16ClNO5/c1-3-22-17(21)11(2)23-13-5-7-14(8-6-13)24-18-20-15-9-4-12(19)10-16(15)25-18/h4-11H,3H2,1-2H3",4.60419765136131
"InChI=1S/C18H19NO4/c1-13-8-4-7-11-16(13)23-12-14-9-5-6-10-15(14)17(19-22-3)18(20)21-2/h4-11H,12H2,1-3H3",2.92199532671878
"InChI=1S/C18H19NO4/c1-13-8-4-7-11-16(13)23-12-14-9-5-6-10-15(14)17(19-22-3)18(20)21-2/h4-11H,12H2,1-3H3",2.92782487037951
"InChI=1S/C18H22N2O2/c1-12(2)19-10-13(21)11-22-17-9-5-8-16-18(17)14-6-3-4-7-15(14)20-16/h3-9,12-13,19-21H,10-11H2,1-2H3",4.62967091273678
"InChI=1S/C18H24N2O4/c1-6-18(3,7-2)14-11-15(24-20-14)19-17(21)16-12(22-4)9-8-10-13(16)23-5/h8-11H,6-7H2,1-5H3,(H,19,21)",3.81664542550781
"InChI=1S/C18H24N2O6/c1-3-5-6-7-8-9-11-14-12-15(19(22)23)18(16(13-14)20(24)25)26-17(21)10-4-2/h4,10,12-13H,3,5-9,11H2,1-2H3",3.75539000391453
"InChI=1S/C18H24N2O6/c1-3-5-6-7-8-9-11-14-12-15(19(22)23)18(16(13-14)20(24)25)26-17(21)10-4-2/h4,10,12-13H,3,5-9,11H2,1-2H3",3.8625999735624
"InChI=1S/C18H26O2/c1-13(2)18-10-9-17(4,20-18)16(11-18)19-12-15-8-6-5-7-14(15)3/h5-8,13,16H,9-12H2,1-4H3",3.26228942932097
"InChI=1S/C18H26O5/c1-12-6-5-9-14(19)8-4-2-3-7-13-10-15(20)11-16(21)17(13)18(22)23-12/h10-12,14,19-21H,2-9H2,1H3",6.20735970305
"InChI=1S/C18H34O6/c1-2-3-4-5-6-7-8-9-10-11-16(21)23-13-15(20)18-17(22)14(19)12-24-18/h14-15,17-20,22H,2-13H2,1H3",1.70187402783236
"InChI=1S/C18H41N7/c19-17(20)24-15-11-7-3-1-5-9-13-23-14-10-6-2-4-8-12-16-25-18(21)22/h23H,1-16H2,(H4,19,20,24)(H4,21,22,25)",4.27216545257855
"InChI=1S/C19H14F3NO/c1-23-11-16(13-6-3-2-4-7-13)18(24)17(12-23)14-8-5-9-15(10-14)19(20,21)22/h2-12H,1H3",4.00572916683684
"InChI=1S/C19H14F3NO/c1-23-11-16(13-6-3-2-4-7-13)18(24)17(12-23)14-8-5-9-15(10-14)19(20,21)22/h2-12H,1H3",4.11967251914367
"InChI=1S/C19H15ClF3NO7/c1-3-29-17(25)10(2)30-18(26)13-9-12(5-6-15(13)24(27)28)31-16-7-4-11(8-14(16)20)19(21,22)23/h4-10H,3H2,1-2H3",3.96545863474241
"InChI=1S/C19H15ClF3NO7/c1-3-29-17(25)10(2)30-18(26)13-9-12(5-7-15(13)24(27)28)31-16-8-11(19(21,22)23)4-6-14(16)20/h4-10H,3H2,1-2H3",3.96545863474241
"InChI=1S/C19H17ClN2O4/c1-3-24-19(23)12(2)25-14-5-7-15(8-6-14)26-18-11-21-17-10-13(20)4-9-16(17)22-18/h4-12H,3H2,1-2H3",5.00327683569969
"InChI=1S/C19H17ClN4/c20-18-8-6-16(7-9-18)10-11-19(12-21,13-24-15-22-14-23-24)17-4-2-1-3-5-17/h1-9,14-15H,10-11,13H2",3.92533540454444
"InChI=1S/C19H17ClN4/c20-18-8-6-16(7-9-18)10-11-19(12-21,13-24-15-22-14-23-24)17-4-2-1-3-5-17/h1-9,14-15H,10-11,13H2",4.05027414115274
"InChI=1S/C19H18ClN3O4/c1-25-19(24)23(26-2)17-6-4-3-5-14(17)13-27-18-11-12-22(21-18)16-9-7-15(20)8-10-16/h3-12H,13H2,1-2H3",4.63438424347854
"InChI=1S/C19H20F3NO4/c1-3-4-11-25-18(24)13(2)26-15-6-8-16(9-7-15)27-17-10-5-14(12-23-17)19(20,21)22/h5-10,12-13H,3-4,11H2,1-2H3",5.10648736510651
"InChI=1S/C19H20FN3O3/c1-21-7-12-4-11(21)8-22(12)17-6-16-13(5-15(17)20)18(24)14(19(25)26)9-23(16)10-2-3-10/h5-6,9-12H,2-4,7-8H2,1H3,(H,25,26)",3.85415878578584
"InChI=1S/C19H20O4/c1-2-3-13-22-18(20)16-11-7-8-12-17(16)19(21)23-14-15-9-5-4-6-10-15/h4-12H,2-3,13-14H2,1H3",2.82255713911138
"InChI=1S/C19H21ClN2O/c20-16-12-10-15(11-13-16)14-22(18-8-4-5-9-18)19(23)21-17-6-2-1-3-7-17/h1-3,6-7,10-13,18H,4-5,8-9,14H2,(H,21,23)",4.11903913677133
"InChI=1S/C19H22FN3O/c20-17-8-6-16(7-9-17)18(24)4-3-11-22-12-14-23(15-13-22)19-5-1-2-10-21-19/h1-2,5-10H,3-4,11-15H2",3.45437537377312
"InChI=1S/C19H22FN3O/c20-17-8-6-16(7-9-17)18(24)4-3-11-22-12-14-23(15-13-22)19-5-1-2-10-21-19/h1-2,5-10H,3-4,11-15H2",4.03795195940707
"InChI=1S/C19H22FN3O3/c1-2-21-5-7-22(8-6-21)17-10-16-13(9-15(17)20)18(24)14(19(25)26)11-23(16)12-3-4-12/h9-12H,2-8H2,1H3,(H,25,26)",4.14059829999974
"InChI=1S/C19H23ClN2O2S/c1-2-3-4-5-6-10-13-25-19(23)24-16-14-17(20)21-22-18(16)15-11-8-7-9-12-15/h7-9,11-12,14H,2-6,10,13H2,1H3",3.74923930876524
"InChI=1S/C19H23N3/c1-14-6-8-18(16(3)10-14)20-12-22(5)13-21-19-9-7-15(2)11-17(19)4/h6-13H,1-5H3",4.45886884853594
"InChI=1S/C19H23N3/c1-14-6-8-18(16(3)10-14)20-12-22(5)13-21-19-9-7-15(2)11-17(19)4/h6-13H,1-5H3",4.46746902029786
"InChI=1S/C19H24O3/c1-7-8-13-12(4)16(10-15(13)20)22-18(21)17-14(9-11(2)3)19(17,5)6/h1,9,14,16-17H,8,10H2,2-6H3",3.49996484386965
"InChI=1S/C19H25NO4/c1-11(2)9-14-15(19(14,3)4)18(23)24-10-20-16(21)12-7-5-6-8-13(12)17(20)22/h9,14-15H,5-8,10H2,1-4H3",3.12242048929166
"InChI=1S/C19H26O3/c1-7-8-13-12(4)16(10-15(13)20)22-18(21)17-14(9-11(2)3)19(17,5)6/h7,9,14,16-17H,1,8,10H2,2-6H3",3.60553192639024
"InChI=1S/C19H26O3/c1-7-8-13-12(4)16(10-15(13)20)22-18(21)17-14(9-11(2)3)19(17,5)6/h7,9,14,16-17H,1,8,10H2,2-6H3",4.0914271054174
"InChI=1S/C19H26O3/c1-7-8-13-12(4)16(10-15(13)20)22-18(21)17-14(9-11(2)3)19(17,5)6/h7,9,14,16-17H,1,8,10H2,2-6H3",4.3407141033807
"InChI=1S/C19H26O4S/c1-5-14-21-24(20)23-18-9-7-6-8-17(18)22-16-12-10-15(11-13-16)19(2,3)4/h1,10-13,17-18H,6-9,14H2,2-4H3",3.54465374823881
"InChI=1S/C19H26O4S/c1-5-14-21-24(20)23-18-9-7-6-8-17(18)22-16-12-10-15(11-13-16)19(2,3)4/h1,10-13,17-18H,6-9,14H2,2-4H3",4.26590014728598
"InChI=1S/C19H30O5/c1-3-5-7-20-8-9-21-10-11-22-14-17-13-19-18(23-15-24-19)12-16(17)6-4-2/h12-13H,3-11,14-15H2,1-2H3",3.13153975286541
"InChI=1S/C19H30O5/c1-3-5-7-20-8-9-21-10-11-22-14-17-13-19-18(23-15-24-19)12-16(17)6-4-2/h12-13H,3-11,14-15H2,1-2H3",3.52947976153744
"InChI=1S/C19H34O3/c1-15(2)22-18(20)14-17(4)11-8-10-16(3)12-9-13-19(5,6)21-7/h8,11,14-16H,9-10,12-13H2,1-7H3",3.82926385227003
"InChI=1S/C20H19F3N2O4/c1-13(14-8-6-9-16(11-14)20(21,22)23)24-29-12-15-7-4-5-10-17(15)18(25-28-3)19(26)27-2/h4-11H,12H2,1-3H3",3.83290371721801
"InChI=1S/C20H19NO3/c1-16(23-20-9-5-6-14-21-20)15-22-17-10-12-19(13-11-17)24-18-7-3-2-4-8-18/h2-14,16H,15H2,1H3",3.3608769727696
"InChI=1S/C20H22N4O6S/c1-28-12-17(25)21-16-11-14(31-13-7-5-4-6-8-13)9-10-15(16)22-18(23-19(26)29-2)24-20(27)30-3/h4-11H,12H2,1-3H3,(H,21,25)(H2,22,23,24,26,27)",4.04773898332238
"InChI=1S/C20H23N3O2/c1-20(2,3)18(24)19(23-14-21-13-22-23)25-17-11-9-16(10-12-17)15-7-5-4-6-8-15/h4-14,18-19,24H,1-3H3",4.13022504615292
"InChI=1S/C20H23NO3/c1-14-9-8-10-15(2)19(14)21(16(3)20(23)24-4)18(22)13-17-11-6-5-7-12-17/h5-12,16H,13H2,1-4H3",3.84966174557959
"InChI=1S/C20H32N2O3S/c1-6-8-13-22(14-9-7-2)26-21(5)19(23)24-17-12-10-11-16-15-20(3,4)25-18(16)17/h10-12H,6-9,13-15H2,1-5H3",4.18246564622765
"InChI=1S/C20H33NO/c1-15(12-21-13-16(2)22-17(3)14-21)11-18-7-9-19(10-8-18)20(4,5)6/h7-10,15-17H,11-14H2,1-6H3",5.25168418782516
"InChI=1S/C21H20Cl2O3/c1-21(2)17(12-18(22)23)19(21)20(24)25-13-14-7-6-10-16(11-14)26-15-8-4-3-5-9-15/h3-12,17,19H,13H2,1-2H3",4.19455618753918
"InChI=1S/C21H22ClNO4/c1-25-19-8-5-16(13-20(19)26-2)18(15-3-6-17(22)7-4-15)14-21(24)23-9-11-27-12-10-23/h3-8,13-14H,9-12H2,1-2H3",3.92309028461827
"InChI=1S/C21H28O2/c1-13(2)17-11-15(7-9-19(17)22)21(5,6)16-8-10-20(23)18(12-16)14(3)4/h7-14,22-23H,1-6H3",4.09683471023993
"InChI=1S/C22H14Cl2I2N2O2/c1-11-6-15(17(10-27)12-2-4-13(23)5-3-12)18(24)9-20(11)28-22(30)16-7-14(25)8-19(26)21(16)29/h2-9,17,29H,1H3,(H,28,30)",4.82156180249896
"InChI=1S/C22H17ClF3N3O7/c1-33-18(30)21-10-12-9-13(23)3-8-16(12)17(21)27-28(11-35-21)19(31)29(20(32)34-2)14-4-6-15(7-5-14)36-22(24,25)26/h3-9H,10-11H2,1-2H3",5.16619526358129
"InChI=1S/C22H17N3O5/c1-27-13-17(22(26)28-2)16-8-4-6-10-19(16)30-21-11-20(24-14-25-21)29-18-9-5-3-7-15(18)12-23/h3-11,13-14H,1-2H3",3.81158305905272
"InChI=1S/C22H18Cl2FNO3/c1-22(2)15(11-19(23)24)20(22)21(27)29-18(12-26)13-8-9-16(25)17(10-13)28-14-6-4-3-5-7-14/h3-11,15,18,20H,1-2H3",4.54086743953507
"InChI=1S/C22H18Cl2FNO3/c1-22(2)15(11-19(23)24)20(22)21(27)29-18(12-26)13-8-9-16(25)17(10-13)28-14-6-4-3-5-7-14/h3-11,15,18,20H,1-2H3",4.5585962064955
"InChI=1S/C22H18Cl2FNO3/c1-22(2)15(11-19(23)24)20(22)21(27)29-18(12-26)13-8-9-16(25)17(10-13)28-14-6-4-3-5-7-14/h3-11,15,18,20H,1-2H3",4.76271618915143
"InChI=1S/C22H18Cl2FNO3/c1-22(2)15(11-19(23)24)20(22)21(27)29-18(12-26)13-8-9-16(25)17(10-13)28-14-6-4-3-5-7-14/h3-11,15,18,20H,1-2H3",4.85962620215948
"InChI=1S/C22H18N2O4/c1-22(16-12-14-19(15-13-16)27-18-10-6-3-7-11-18)20(25)24(21(26)28-22)23-17-8-4-2-5-9-17/h2-15,23H,1H3",4.34801416963502
"InChI=1S/C22H19Br2NO3/c1-22(2)17(12-19(23)24)20(22)21(26)28-18(13-25)14-7-6-10-16(11-14)27-15-8-4-3-5-9-15/h3-12,17-18,20H,1-2H3",5.30552261110582
"InChI=1S/C22H19Br4NO3/c1-21(2)17(19(23)22(24,25)26)18(21)20(28)30-16(12-27)13-7-6-10-15(11-13)29-14-8-4-3-5-9-14/h3-11,16-19H,1-2H3",5.34570506657104
"InChI=1S/C22H19Cl2NO3/c1-22(2)17(12-19(23)24)20(22)21(26)28-18(13-25)14-7-6-10-16(11-14)27-15-8-4-3-5-9-15/h3-12,17-18,20H,1-2H3",3.74434218472656
"InChI=1S/C22H19Cl2NO3/c1-22(2)17(12-19(23)24)20(22)21(26)28-18(13-25)14-7-6-10-16(11-14)27-15-8-4-3-5-9-15/h3-12,17-18,20H,1-2H3",3.92043344378224
"InChI=1S/C22H23ClN2O9/c1-21(33)11-6(23)4-5-7(26)8(11)15(27)9-12(21)17(29)13-14(25(2)3)16(28)10(20(24)32)19(31)22(13,34)18(9)30/h4-5,12-14,17,26-27,29,32-34H,24H2,1-3H3",1.97849569899962
"InChI=1S/C22H23NO3/c1-21(2)19(22(21,3)4)20(24)26-18(14-23)15-9-8-12-17(13-15)25-16-10-6-5-7-11-16/h5-13,18-19H,1-4H3",4.14541137996302
"InChI=1S/C22H23NO3/c1-21(2)19(22(21,3)4)20(24)26-18(14-23)15-9-8-12-17(13-15)25-16-10-6-5-7-11-16/h5-13,18-19H,1-4H3",4.25443178297333
"InChI=1S/C22H24N2O8/c1-21(31)8-5-4-6-11(25)12(8)16(26)13-9(21)7-10-15(24(2)3)17(27)14(20(23)30)19(29)22(10,32)18(13)28/h4-6,9-10,15,25-26,30-32H,7,23H2,1-3H3",3.47171656401627
"InChI=1S/C22H26O3/c1-15(2)10-19-20(22(19,3)4)21(23)25-14-17-12-18(24-13-17)11-16-8-6-5-7-9-16/h5-10,12-13,19-20H,11,14H2,1-4H3",3.4325717246993
"InChI=1S/C22H28N2O2/c1-7-17-8-10-18(11-9-17)20(25)23-24(22(4,5)6)21(26)19-13-15(2)12-16(3)14-19/h8-14H,7H2,1-6H3,(H,23,25)",3.86588082257473
"InChI=1S/C22H28N2O3/c1-14-11-15(2)13-17(12-14)21(26)24(22(4,5)6)23-20(25)18-9-8-10-19(27-7)16(18)3/h8-13H,1-7H3,(H,23,25)",2.95255951099906
"InChI=1S/C22H42O4/c1-5-9-13-19(7-3)17-25-21(23)15-11-12-16-22(24)26-18-20(8-4)14-10-6-2/h19-20H,5-18H2,1-4H3",2.3927748731171
"InChI=1S/C23H19ClF3NO3/c1-22(2)17(12-19(24)23(25,26)27)20(22)21(29)31-18(13-28)14-7-6-10-16(11-14)30-15-8-4-3-5-9-15/h3-12,17-18,20H,1-2H3",4.55615777900042
"InChI=1S/C23H22ClF3O2/c1-14-16(10-7-11-17(14)15-8-5-4-6-9-15)13-29-21(28)20-18(22(20,2)3)12-19(24)23(25,26)27/h4-12,18,20H,13H2,1-3H3",4.7231146186285
"InChI=1S/C23H22ClF3O2/c1-14-16(10-7-11-17(14)15-8-5-4-6-9-15)13-29-21(28)20-18(22(20,2)3)12-19(24)23(25,26)27/h4-12,18,20H,13H2,1-3H3",4.92723460128442
"InChI=1S/C23H22ClF3O2/c1-14-16(10-7-11-17(14)15-8-5-4-6-9-15)13-29-21(28)20-18(22(20,2)3)12-19(24)23(25,26)27/h4-12,18,20H,13H2,1-3H3",4.92723460128442
"InChI=1S/C23H26O3/c1-16(2)13-20-21(23(20,3)4)22(24)25-15-17-9-8-12-19(14-17)26-18-10-6-5-7-11-18/h5-14,20-21H,15H2,1-4H3",3.36853572230648
"InChI=1S/C24H17N5O7/c1-36-21-10-9-17(29(34)35)13-20(21)26-27-22-18-8-3-2-5-14(18)11-19(23(22)30)24(31)25-15-6-4-7-16(12-15)28(32)33/h2-13,30H,1H3,(H,25,31)",2.3656850129004
"InChI=1S/C24H27N3O4/c1-17-21(22(27(5)26-17)30-20-9-7-6-8-10-20)15-25-29-16-18-11-13-19(14-12-18)23(28)31-24(2,3)4/h6-15H,16H2,1-5H3",5.13623540476555
"InChI=1S/C24H38O4/c1-5-9-13-19(7-3)17-27-23(25)21-15-11-12-16-22(21)24(26)28-18-20(8-4)14-10-6-2/h11-12,15-16,19-20H,5-10,13-14,17-18H2,1-4H3",3.29065345190954
"InChI=1S/C24H40O3/c1-15(4-9-22(26)27)19-7-8-20-18-6-5-16-14-17(25)10-12-23(16,2)21(18)11-13-24(19,20)3/h15-21,25H,4-14H2,1-3H3,(H,26,27)",2.87687871256153
"InChI=1S/C24H46O6/c1-2-3-4-5-6-7-8-9-10-11-12-13-14-15-16-17-22(27)29-19-21(26)24-23(28)20(25)18-30-24/h20-21,23-26,28H,2-19H2,1H3",1.77657920852493
"InChI=1S/C25H22ClNO3/c1-17(2)24(18-11-13-20(26)14-12-18)25(28)30-23(16-27)19-7-6-10-22(15-19)29-21-8-4-3-5-9-21/h3-15,17,23-24H,1-2H3",4.22520594870835
"InChI=1S/C25H24F6N4/c1-23(2)15-32-22(33-16-23)35-34-21(13-7-17-3-9-19(10-4-17)24(26,27)28)14-8-18-5-11-20(12-6-18)25(29,30)31/h3-14H,15-16H2,1-2H3,(H2,32,33,35)",4.99517458001903
"InChI=1S/C25H28O3/c1-4-27-22-15-13-21(14-16-22)25(2,3)19-26-18-20-9-8-12-24(17-20)28-23-10-6-5-7-11-23/h5-17H,4,18-19H2,1-3H3",4.16077781336093
"InChI=1S/C26H22ClF3N2O3/c1-16(2)24(32-22-12-11-18(14-21(22)27)26(28,29)30)25(33)35-23(15-31)17-7-6-10-20(13-17)34-19-8-4-3-5-9-19/h3-14,16,23-24,32H,1-2H3",5.30355258529792
"InChI=1S/C26H23F2NO4/c1-17(2)24(18-11-13-21(14-12-18)32-26(27)28)25(30)33-23(16-29)19-7-6-10-22(15-19)31-20-8-4-3-5-9-20/h3-15,17,23-24,26H,1-2H3",4.87646988000983
"InChI=1S/C27H20N4O9S2/c32-14-15-13-22(30-28-20-9-11-23(41(35,36)37)18-7-3-1-5-16(18)20)27(34)25(26(15)33)31-29-21-10-12-24(42(38,39)40)19-8-4-2-6-17(19)21/h1-13,32-34H,14H2,(H,35,36,37)(H,38,39,40)",2.91745349144784
"InChI=1S/C28H31N2O3/c1-6-29-23-15-25-21(13-17(23)4)27(19-11-9-10-12-20(19)28(31)32-8-3)22-14-18(5)24(30-7-2)16-26(22)33-25/h9-16,29-30H,6-8H2,1-5H3",4.56776852431159
"InChI=1S/C2H3Cl/c1-2-3/h2H,1H2",4.68192429615426
"InChI=1S/C2H3Cl3O2/c3-2(4,5)1(6)7/h1,6-7H",3.08555504738041
"InChI=1S/C2H3ClO2/c3-1-2(4)5/h1H2,(H,4,5)",3.49829685836143
"InChI=1S/C2H4N4/c3-2-4-1-5-6-2/h1H,(H3,3,4,5,6)",4.22572249207399
"InChI=1S/C2H4N4/c3-2-4-1-5-6-2/h1H,(H3,3,4,5,6)",4.52675248773797
"InChI=1S/C2H6ClO3P/c3-1-2-7(4,5)6/h1-2H2,(H2,4,5,6)",2.51051495802278
"InChI=1S/C2H6ClO3P/c3-1-2-7(4,5)6/h1-2H2,(H2,4,5,6)",2.98375855767924
"InChI=1S/C2H6ClO3P/c3-1-2-7(4,5)6/h1-2H2,(H2,4,5,6)",4.0806685706873
"InChI=1S/C2H6N4S2/c3-1(7)5-6-2(4)8/h(H3,3,5,7)(H3,4,6,8)",2.2003946620817
"InChI=1S/C2H6O2/c3-1-2-4/h3-4H,1-2H2",1.49183663626236
"InChI=1S/C2H6O2/c3-1-2-4/h3-4H,1-2H2",1.79286663192634
"InChI=1S/C2H6O2/c3-1-2-4/h3-4H,1-2H2",1.82907880458079
"InChI=1S/C2H6O2/c3-1-2-4/h3-4H,1-2H2",2.19080664059838
"InChI=1S/C2H6O2/c3-1-2-4/h3-4H,1-2H2",2.3949266232543
"InChI=1S/C2H7O3P/c1-2-5-6(3)4/h6H,2H2,1H3,(H,3,4)",2.4395258763695
"InChI=1S/C2H7O3P/c1-4-6(3)5-2/h6H,1-2H3",3.04158586769746
"InChI=1S/C2H8NO2PS/c1-5-6(3,4)7-2/h1-2H3,(H2,3,4)",5.19537431180606
"InChI=1S/C2H8NO2PS/c1-5-6(3,4)7-2/h1-2H3,(H2,3,4)",5.68721882334643
"InChI=1S/C2H8NO2PS/c1-5-6(3,4)7-2/h1-2H3,(H2,3,4)",6.14961682124539
"InChI=1S/C31H42O2/c1-24(14-9-10-15-25(2)18-12-19-28(5)30(32)33-8)16-11-17-26(3)21-22-29-27(4)20-13-23-31(29,6)7/h9-12,14-19,21-22H,13,20,23H2,1-8H3",2.95101092705237
"InChI=1S/C31H52O3/c1-21(2)13-10-14-22(3)15-11-16-23(4)17-12-19-31(9)20-18-28-26(7)29(33-27(8)32)24(5)25(6)30(28)34-31/h21-23H,10-20H2,1-9H3",2.3735949091083
"InChI=1S/C36H53NO13/c1-21-13-11-9-7-6-8-10-12-14-24(48-35(5)31(42)29(37)30(41)22(2)47-35)19-34(4)28(32(43)44)25(39)20-36(45,50-34)18-23(38)17-33(3)26(49-33)15-16-27(40)46-21/h6-12,14-16,21-26,28-31,38-39,41-42,45H,13,17-20,37H2,1-5H3,(H,43,44)",3.99258108069112
"InChI=1S/C39H42N3O6S2/c1-5-41(27-29-9-7-11-37(25-29)49(43,44)45)35-21-15-32(16-22-35)39(31-13-19-34(20-14-31)40(3)4)33-17-23-36(24-18-33)42(6-2)28-30-10-8-12-38(26-30)50(46,47)48/h7-26H,5-6,27-28H2,1-4H3,(H,43,44,45)(H,46,47,48)",2.99569446127058
"InChI=1S/C3H4Cl2/c4-2-1-3-5/h1-2H,3H2",4.33763486202989
"InChI=1S/C3H4Cl2O2/c1-3(4,5)2(6)7/h1H3,(H,6,7)",3.45627084235452
"InChI=1S/C3H4Cl2O2/c1-3(4,5)2(6)7/h1H3,(H,6,7)",3.70545399970477
"InChI=1S/C3H6N2S/c6-3-4-1-2-5-3/h1-2H2,(H2,4,5,6)",4.91236296409098
"InChI=1S/C3H6N2S/c6-3-4-1-2-5-3/h1-2H2,(H2,4,5,6)",5.611332968427
"InChI=1S/C3H6N2S/c6-3-4-1-2-5-3/h1-2H2,(H2,4,5,6)",5.64754514108144
"InChI=1S/C3H8NO5P/c5-3(6)1-4-2-10(7,8)9/h4H,1-2H2,(H,5,6)(H2,7,8,9)",2.22807446683025
"InChI=1S/C3H8NO5P/c5-3(6)1-4-2-10(7,8)9/h4H,1-2H2,(H,5,6)(H2,7,8,9)",2.75095321211059
"InChI=1S/C3H8O3/c4-1-3(6)2-5/h3-6H,1-2H2",1.12645271808123
"InChI=1S/C42H71NO9/c1-10-27-12-11-13-35(52-38-17-16-34(43(5)6)25(4)49-38)24(3)39(45)33-21-31-29(32(33)22-37(44)51-27)15-14-26-19-28(20-30(26)31)50-36-18-23(2)40(46-7)42(48-9)41(36)47-8/h23-36,38,40-42H,10-22H2,1-9H3",4.48549336200642
"InChI=1S/C48H81NO17/c1-15-35-32(23-60-45-42(59-14)41(58-13)38(54)28(5)61-45)20-25(2)16-17-33(51)26(3)21-31(18-19-50)39(27(4)34(52)22-36(53)62-35)66-48(10)44(56)37(49(11)12)40(29(6)64-48)65-47(9)24-46(8,57)43(55)30(7)63-47/h16-17,19-20,26-32,34-35,37-45,52,54-57H,15,18,21-24H2,1-14H3",3.27607248348466
"InChI=1S/C49H73NO14/c1-25(2)43-28(5)17-18-48(64-43)23-35-20-34(63-48)16-15-27(4)44(26(3)13-12-14-33-24-57-46-42(52)29(6)19-36(47(53)60-35)49(33,46)54)61-40-22-38(56-11)45(31(8)59-40)62-39-21-37(55-10)41(30(7)58-39)50-32(9)51/h12-15,17-19,25-26,28,30-31,34-46,52,54H,16,20-24H2,1-11H3,(H,50,51)",5.55635182416848
"InChI=1S/C49H73NO14/c1-25(2)43-28(5)17-18-48(64-43)23-35-20-34(63-48)16-15-27(4)44(26(3)13-12-14-33-24-57-46-42(52)29(6)19-36(47(53)60-35)49(33,46)54)61-40-22-38(56-11)45(31(8)59-40)62-39-21-37(55-10)41(30(7)58-39)50-32(9)51/h12-15,17-19,25-26,28,30-31,34-46,52,54H,16,20-24H2,1-11H3,(H,50,51)",5.95429183284051
"InChI=1S/C4H10NO3PS/c1-4(6)5-9(7,8-2)10-3/h1-3H3,(H,5,6,7)",3.71877648742193
"InChI=1S/C4H10NO3PS/c1-4(6)5-9(7,8-2)10-3/h1-3H3,(H,5,6,7)",4.86490452310016
"InChI=1S/C4H4N2O2/c7-3-1-2-4(8)6-5-3/h1-2H,(H,5,7)(H,6,8)",2.35058431121584
"InChI=1S/C4H4O4/c5-3(6)1-2-4(7)8/h1-2H,(H,5,6)(H,7,8)",2.0309023723981
"InChI=1S/C4H6O2/c1-3(2)4(5)6/h1H2,2H3,(H,5,6)",2.54049719303574
"InChI=1S/C4H7Br2Cl2O4P/c1-10-13(9,11-2)12-3(5)4(6,7)8/h3H,1-2H3",5.27964840060116
"InChI=1S/C4H7Cl2O4P/c1-8-11(7,9-2)10-3-4(5)6/h3H,1-2H3",4.98261676287965
"InChI=1S/C4H7Cl2O4P/c1-8-11(7,9-2)10-3-4(5)6/h3H,1-2H3",5.01190613898164
"InChI=1S/C4H8Cl3O4P/c1-10-12(9,11-2)3(8)4(5,6)7/h3,8H,1-2H3",4.10964043198952
"InChI=1S/C5H10N2O2S/c1-4(10-3)7-9-5(8)6-2/h1-3H3,(H,6,8)",3.90904789636717
"InChI=1S/C5H10N2O2S/c1-4(10-3)7-9-5(8)6-2/h1-3H3,(H,6,8)",4.21007789203115
"InChI=1S/C5H10N2S2/c1-6-3-7(2)5(8)9-4-6/h3-4H2,1-2H3",3.73313384224274
"InChI=1S/C5H12NO3PS2/c1-6-5(7)4-12-10(11,8-2)9-3/h4H2,1-3H3,(H,6,7)",4.6613534361142
"InChI=1S/C5H12NO3PS2/c1-6-5(7)4-12-10(11,8-2)9-3/h4H2,1-3H3,(H,6,7)",5.96238343177818
"InChI=1S/C5H12NO4P/c1-11(9,10)3-2-4(6)5(7)8/h4H,2-3,6H2,1H3,(H,7,8)(H,9,10)",4.71391476838473
"InChI=1S/C5H13ClN/c1-7(2,3)5-4-6/h4-5H2,1-3H3",2.64921593816204
"InChI=1S/C5H13ClN/c1-7(2,3)5-4-6/h4-5H2,1-3H3/q+1",2.97460527968547
"InChI=1S/C5H5N3O/c6-5(9)4-3-7-1-2-8-4/h1-3H,(H2,6,9)",2.19322585277166
"InChI=1S/C5H7N3O2/c1-4-6-3-5(7(4)2)8(9)10/h3H,1-2H3",3.97352186635665
"InChI=1S/C5H8O2/c1-3-5(6)7-4-2/h3H,1,4H2,2H3",2.60605102798022
"InChI=1S/C6H10N6/c7-4-10-5(8)12-6(11-4)9-3-1-2-3/h3H,1-2H2,(H5,7,8,9,10,11,12)",4.04449742637606
"InChI=1S/C6H10O/c1-4-6(3,7)5-2/h1,7H,5H2,2-3H3",3.32910149752408
"InChI=1S/C6H10O4S2/c1-5-6(2)12(9,10)4-3-11(5,7)8/h3-4H2,1-2H3",4.32277979319225
"InChI=1S/C6H11N2O4PS3/c1-10-5-7-8(6(9)16-5)4-15-13(14,11-2)12-3/h4H2,1-3H3",5.17945311726922
"InChI=1S/C6H11N2O4PS3/c1-10-5-7-8(6(9)16-5)4-15-13(14,11-2)12-3/h4H2,1-3H3",5.27636313027728
"InChI=1S/C6H11N2O4PS3/c1-10-5-7-8(6(9)16-5)4-15-13(14,11-2)12-3/h4H2,1-3H3",5.38357309992515
"InChI=1S/C6H11N2O4PS3/c1-10-5-7-8(6(9)16-5)4-15-13(14,11-2)12-3/h4H2,1-3H3",5.57739312594126
"InChI=1S/C6H11NO/c8-6-4-2-1-3-5-7-6/h1-5H2,(H,7,8)",2.95677386828604
"InChI=1S/C6H13N/c7-6-4-2-1-3-5-6/h6H,1-5,7H2",3.21824710516194
"InChI=1S/C6H13N/c7-6-4-2-1-3-5-6/h6H,1-5,7H2",3.22924248946341
"InChI=1S/C6H3Cl3N2O2/c7-1-3(10)2(8)5(9)11-4(1)6(12)13/h(H2,10,11)(H,12,13)",3.60469254298773
"InChI=1S/C6H3Cl4N/c7-5-3-1-2-4(11-5)6(8,9)10/h1-3H",5.36343657222619
"InChI=1S/C6H4Cl2N2O2/c7-4-1-3(10(11)12)2-5(8)6(4)9/h1-2H,9H2",2.93578881098946
"InChI=1S/C6H4Cl2N2O2/c7-4-1-3(10(11)12)2-5(8)6(4)9/h1-2H,9H2",3.13990879364539
"InChI=1S/C6H6ClN/c7-5-1-3-6(8)4-2-5/h1-4H,8H2",4.00884378520503
"InChI=1S/C6H6ClN/c7-5-1-3-6(8)4-2-5/h1-4H,8H2",4.32760254782945
"InChI=1S/C6H6O/c7-6-4-2-1-3-5-6/h1-5,7H",2.43708305310291
"InChI=1S/C6H7N3O2/c7-4-1-2-5(8)6(3-4)9(10)11/h1-3H,7-8H2",3.24556564669417
"InChI=1S/C6H7NO/c7-5-1-3-6(8)4-2-5/h1-4,8H,7H2",2.20160364320713
"InChI=1S/C6H8N2O/c7-4-1-2-6(9)5(8)3-4/h1-3,9H,7-8H2",3.69597355155454
"InChI=1S/C6H8O6/c7-1-2(8)5-3(9)4(10)6(11)12-5/h2,5,7-10H,1H2",1.76137662853832
"InChI=1S/C6H8O6/c7-1-2(8)5-3(9)4(10)6(11)12-5/h2,5,7-10H,1H2",2.05436782171583
"InChI=1S/C6H9N3O3/c1-5-7-4-6(9(11)12)8(5)2-3-10/h4,10H,2-3H2,1H3",3.05729569283336
"InChI=1S/C7H10N2O4S/c1-5-4-6(8)2-3-7(5)9-13-14(10,11)12/h2-4,9H,8H2,1H3,(H,10,11,12)",3.07409722667645
"InChI=1S/C7H10N4O3/c1-3-9-7(13)10-6(12)5(4-8)11-14-2/h3H2,1-2H3,(H2,9,10,12,13)",3.81561566158005
"InChI=1S/C7H12ClN5/c1-3-9-6-11-5(8)12-7(13-6)10-4-2/h3-4H2,1-2H3,(H2,9,10,11,12,13)",4.58033674324961
"InChI=1S/C7H12ClN5/c1-3-9-6-11-5(8)12-7(13-6)10-4-2/h3-4H2,1-2H3,(H2,9,10,11,12,13)",4.60564260851438
"InChI=1S/C7H13N3O3S/c1-8-7(12)13-9-5(14-4)6(11)10(2)3/h1-4H3,(H,8,12)",4.64199221806157
"InChI=1S/C7H13O6P/c1-6(5-7(8)10-2)13-14(9,11-3)12-4/h5H,1-4H3",5.80646736824669
"InChI=1S/C7H14N2O2S/c1-7(2,12-4)5-9-11-6(10)8-3/h5H,1-4H3,(H,8,10)",6.27935493374302
"InChI=1S/C7H14NO5P/c1-6(5-7(9)8-2)13-14(10,11-3)12-4/h5H,1-4H3,(H,8,9)",5.6954106911713
"InChI=1S/C7H16N/c1-8(2)6-4-3-5-7-8/h3-7H2,1-2H3",2.88160770091708
"InChI=1S/C7H17O2PS3/c1-4-8-10(11,9-5-2)13-7-12-6-3/h4-7H2,1-3H3",6.2114833717655
"InChI=1S/C7H4Cl3NO3/c8-3-1-4(9)7(11-6(3)10)14-2-5(12)13/h1H,2H2,(H,12,13)",3.85273501931079
"InChI=1S/C7H5Cl2FN2O3/c8-3-5(11)4(9)7(12-6(3)10)15-1-2(13)14/h1H2,(H2,11,12)(H,13,14)",2.70762229375841
"InChI=1S/C7H5N3O6/c1-4-6(9(13)14)2-5(8(11)12)3-7(4)10(15)16/h2-3H,1H3",5.055246608541
"InChI=1S/C7H5NO3S/c9-7-5-3-1-2-4-6(5)12(10,11)8-7/h1-4H,(H,8,9)",1.70634501494627
"InChI=1S/C7H5NS2/c9-7-8-5-3-1-2-4-6(5)10-7/h1-4H,(H,8,9)",2.34830823871711
"InChI=1S/C7H6N2O4/c1-5-2-3-6(8(10)11)4-7(5)9(12)13/h2-4H,1H3",3.72891101170516
"InChI=1S/C7H6N2O4/c8-6-3-4(9(12)13)1-2-5(6)7(10)11/h1-3H,8H2,(H,10,11)",2.1866715784013
"InChI=1S/C7H7Cl3NO3PS/c1-12-15(16,13-2)14-7-5(9)3-4(8)6(10)11-7/h3H,1-2H3",5.03145309127161
"InChI=1S/C7H7NO2/c8-6-4-2-1-3-5(6)7(9)10/h1-4H,8H2,(H,9,10)",1.69766082403086
"InChI=1S/C7H8N2O2/c1-5-2-3-6(9(10)11)4-7(5)8/h2-4H,8H2,1H3",4.27918373941654
"InChI=1S/C7H9NO/c1-9-7-4-2-6(8)3-5-7/h2-5H,8H2,1H3",2.41466474972438
"InChI=1S/C8H10/c1-2-8-6-4-3-5-7-8/h3-7H,2H2,1H3",2.41532120099855
"InChI=1S/C8H10/c1-2-8-6-4-3-5-7-8/h3-7H,2H2,1H3",2.56208837510252
"InChI=1S/C8H10N2O4S/c1-14-8(11)10-15(12,13)7-4-2-6(9)3-5-7/h2-5H,9H2,1H3,(H,10,11)",3.10691015775373
"InChI=1S/C8H10N6/c9-3-5-6(10)13-8(14-7(5)11)12-4-1-2-4/h4H,1-2H2,(H5,10,11,12,13,14)",3.93679970507275
"InChI=1S/C8H10NO5PS/c1-12-15(16,13-2)14-8-5-3-7(4-6-8)9(10)11/h3-6H,1-2H3",6.02235818715591
"InChI=1S/C8H10O/c1-6-3-4-8(9)5-7(6)2/h3-5,9H,1-2H3",3.94081663065326
"InChI=1S/C8H10O/c1-6-4-3-5-7(2)8(6)9/h3-5,9H,1-2H3",4.30879341594785
"InChI=1S/C8H10O5/c9-7(10)5-3-1-2-4(13-3)6(5)8(11)12/h3-6H,1-2H2,(H,9,10)(H,11,12)",3.20919319571953
"InChI=1S/C8H11NO2/c1-10-6-3-4-7(9)8(5-6)11-2/h3-5H,9H2,1-2H3",2.74428856020296
"InChI=1S/C8H11NO2/c9-5-8(11)6-1-3-7(10)4-2-6/h1-4,8,10-11H,5,9H2",2.78725763359614
"InChI=1S/C8H14ClN5/c1-4-10-7-12-6(9)13-8(14-7)11-5(2)3/h5H,4H2,1-3H3,(H2,10,11,12,13,14)",3.93587643048823
"InChI=1S/C8H14N4OS/c1-8(2,3)5-6(13)12(9)7(14-4)11-10-5/h9H2,1-4H3",4.15490651136806
"InChI=1S/C8H14O4/c1-5-4-8(11-6(2)9)12-7(3)10-5/h5,7-8H,4H2,1-3H3",3.14412407646651
"InChI=1S/C8H18NO4PS2/c1-9-8(10)4-5-15-6-7-16-14(11,12-2)13-3/h4-7H2,1-3H3,(H,9,10)",5.72599715999116
"InChI=1S/C8H19O2PS2/c1-4-7-12-11(9,10-6-3)13-8-5-2/h4-8H2,1-3H3",4.95305958493745
"InChI=1S/C8H19O2PS3/c1-4-9-11(12,10-5-2)14-8-7-13-6-3/h4-8H2,1-3H3",6.09596779022605
"InChI=1S/C8H19O2PS3/c1-4-9-11(12,10-5-2)14-8-7-13-6-3/h4-8H2,1-3H3",6.43839047104826
"InChI=1S/C8H19O2PS3/c1-4-9-11(12,10-5-2)14-8-7-13-6-3/h4-8H2,1-3H3",6.8363304797203
"InChI=1S/C8H5Cl3O3/c9-4-1-6(11)7(2-5(4)10)14-3-8(12)13/h1-2H,3H2,(H,12,13)",4.40736115725459
"InChI=1S/C8H6Cl2O3/c1-13-7-5(10)3-2-4(9)6(7)8(11)12/h2-3H,1H3,(H,11,12)",3.28376800169458
"InChI=1S/C8H6Cl2O3/c9-5-1-2-7(6(10)3-5)13-4-8(11)12/h1-3H,4H2,(H,11,12)",4.64549583771218
"InChI=1S/C8H7N3O5/c1-4-6(8(9)12)2-5(10(13)14)3-7(4)11(15)16/h2-3H,1H3,(H2,9,12)",4.55660790505055
"InChI=1S/C8H8/c1-2-8-6-4-3-5-7-8/h2-7H,1H2",2.4155956134334
"InChI=1S/C8H8/c1-2-8-6-4-3-5-7-8/h2-7H,1H2",2.56281074475285
"InChI=1S/C8H8/c1-2-8-6-4-3-5-7-8/h2-7H,1H2",3.69543631002744
"InChI=1S/C8H8Cl2O2/c1-11-7-3-6(10)8(12-2)4-5(7)9/h3-4H,1-2H3",3.21917344408706
"InChI=1S/C8H8Cl3O3PS/c1-12-15(16,13-2)14-8-4-6(10)5(9)3-7(8)11/h3-4H,1-2H3",3.80827186579208
"InChI=1S/C8H8O3/c1-11-8(10)6-2-4-7(9)5-3-6/h2-5,9H,1H3",2.00617304782278
"InChI=1S/C8H8O3/c1-11-8(10)6-4-2-3-5-7(6)9/h2-5,9H,1H3",2.62596180611118
"InChI=1S/C9H10Cl2N2O/c1-13(2)9(14)12-6-3-4-7(10)8(11)5-6/h3-5H,1-2H3,(H,12,14)",4.57165200886706
"InChI=1S/C9H10Cl2N2O/c1-13(2)9(14)12-6-3-4-7(10)8(11)5-6/h3-5H,1-2H3,(H,12,14)",4.58938077582749
"InChI=1S/C9H10Cl2N2O2/c1-13(15-2)9(14)12-6-3-4-7(10)8(11)5-6/h3-5H,1-2H3,(H,12,14)",4.6004830749906
"InChI=1S/C9H10Cl2N2O2/c1-13(15-2)9(14)12-6-3-4-7(10)8(11)5-6/h3-5H,1-2H3,(H,12,14)",4.99842308366263
"InChI=1S/C9H10ClN5O2/c10-8-2-1-7(5-12-8)6-14-4-3-11-9(14)13-15(16)17/h1-2,5H,3-4,6H2,(H,11,13)",4.17721556192143
"InChI=1S/C9H11BrN2O2/c1-12(14-2)9(13)11-8-5-3-7(10)4-6-8/h3-6H,1-2H3,(H,11,13)",4.31655713179121
"InChI=1S/C9H11Cl3NO3PS/c1-3-14-17(18,15-4-2)16-9-7(11)5-6(10)8(12)13-9/h5H,3-4H2,1-2H3",4.54479494223028
"InChI=1S/C9H11Cl3NO3PS/c1-3-14-17(18,15-4-2)16-9-7(11)5-6(10)8(12)13-9/h5H,3-4H2,1-2H3",5.54479494223028
"InChI=1S/C9H11ClN2O/c1-12(2)9(13)11-8-5-3-7(10)4-6-8/h3-6H,1-2H3,(H,11,13)",3.2011773320931
"InChI=1S/C9H12/c1-8(2)9-6-4-3-5-7-9/h3-8H,1-2H3",2.41523206875268
"InChI=1S/C9H12/c1-8(2)9-6-4-3-5-7-9/h3-8H,1-2H3",2.56004605053309
"InChI=1S/C9H12NO5PS/c1-7-6-8(4-5-9(7)10(11)12)15-16(17,13-2)14-3/h4-6H,1-3H3",5.78008872366218
"InChI=1S/C9H13BrN2O2/c1-4-5(2)12-8(13)7(10)6(3)11-9(12)14/h5H,4H2,1-3H3,(H,11,14)",3.6209530011803
"InChI=1S/C9H13ClN6/c1-4-12-7-13-6(10)14-8(15-7)16-9(2,3)5-11/h4H2,1-3H3,(H2,12,13,14,15,16)",5.2845529417803
"InChI=1S/C9H13N/c1-6-4-8(3)9(10)5-7(6)2/h4-5H,10H2,1-3H3",3.33165612180841
"InChI=1S/C9H13N/c1-8(10)7-9-5-3-2-4-6-9/h2-6,8H,7,10H2,1H3",4.43202666692597
"InChI=1S/C9H14O/c1-7-4-8(10)6-9(2,3)5-7/h4H,5-6H2,1-3H3",2.887676569122
"InChI=1S/C9H16ClN5/c1-5(2)11-8-13-7(10)14-9(15-8)12-6(3)4/h5-6H,1-4H3,(H2,11,12,13,14,15)",3.66220959497816
"InChI=1S/C9H16N4OS/c1-9(2,3)6-11-12-8(15-6)13(5)7(14)10-4/h1-5H3,(H,10,14)",3.75647357868479
"InChI=1S/C9H17ClN3O3PS/c1-5-14-17(18,15-6-2)16-9-11-8(10)13(12-9)7(3)4/h7H,5-6H2,1-4H3",4.39966173548004
"InChI=1S/C9H17NOS/c1-2-12-9(11)10-7-5-3-4-6-8-10/h2-8H2,1H3",4.10198823735002
"InChI=1S/C9H17NOS/c1-2-12-9(11)10-7-5-3-4-6-8-10/h2-8H2,1H3",4.97151330020725
"InChI=1S/C9H18N2O2S/c1-9(2,3)7(6-14-5)11-13-8(12)10-4/h6H2,1-5H3,(H,10,12)",4.56093515068149
"InChI=1S/C9H19NOS/c1-4-7-10(8-5-2)9(11)12-6-3/h4-8H2,1-3H3",3.87925249559703
"InChI=1S/C9H19NOS/c1-4-7-10(8-5-2)9(11)12-6-3/h4-8H2,1-3H3",4.32294999482974
"InChI=1S/C9H20N2O2/c1-4-8-13-9(12)10-6-5-7-11(2)3/h4-8H2,1-3H3,(H,10,12)",2.44226598159187
"InChI=1S/C9H21O2PS3/c1-6-10-12(13,11-7-2)15-8-14-9(3,4)5/h6-8H2,1-5H3",5.1590113392337
"InChI=1S/C9H21O2PS3/c1-6-10-12(13,11-7-2)15-8-14-9(3,4)5/h6-8H2,1-5H3",6.68189008451404
"InChI=1S/C9H21O2PS3/c1-6-10-12(13,11-7-2)15-8-14-9(3,4)5/h6-8H2,1-5H3",6.76107133056166
"InChI=1S/C9H22O4P2S4/c1-5-10-14(16,11-6-2)18-9-19-15(17,12-7-3)13-8-4/h5-9H2,1-4H3",5.28383935473594
"InChI=1S/C9H4Cl3NO2S/c10-9(11,12)16-13-7(14)5-3-1-2-4-6(5)8(13)15/h1-4H",2.77313899543591
"InChI=1S/C9H4Cl3NO2S/c10-9(11,12)16-13-7(14)5-3-1-2-4-6(5)8(13)15/h1-4H",3.77313899543591
"InChI=1S/C9H4Cl3NO2S/c10-9(11,12)16-13-7(14)5-3-1-2-4-6(5)8(13)15/h1-4H",3.87004900844397
"InChI=1S/C9H5Cl3N4/c10-5-3-1-2-4-6(5)13-9-15-7(11)14-8(12)16-9/h1-4H,(H,13,14,15,16)",5.37945812670042
"InChI=1S/C9H6Cl6O3S/c10-5-6(11)8(13)4-2-18-19(16)17-1-3(4)7(5,12)9(8,14)15/h3-4H,1-2H2",5.14711652367221
"InChI=1S/C9H7Cl3O3/c1-4(9(13)14)15-8-3-6(11)5(10)2-7(8)12/h2-4H,1H3,(H,13,14)",4.491054148917
"InChI=1S/C9H7N3S/c1-6-3-2-4-7-8(6)12-5-10-11-9(12)13-7/h2-5H,1H3",3.78564431476757
"InChI=1S/C9H7NO/c11-8-5-1-3-7-4-2-6-10-9(7)8/h1-6,11H",3.0065048785187
"InChI=1S/C9H8Cl2O3/c1-5(9(12)13)14-8-3-2-6(10)4-7(8)11/h2-5H,1H3,(H,12,13)",4.41694364962485
"InChI=1S/C9H8Cl3NO2S/c10-9(11,12)16-13-7(14)5-3-1-2-4-6(5)8(13)15/h1-2,5-6H,3-4H2",3.47797354595327
"InChI=1S/C9H8N4OS/c14-9(12-8-6-10-13-15-8)11-7-4-2-1-3-5-7/h1-6H,(H2,11,12,14)",3.86579667362138
"InChI=1S/C9H9Cl2NO/c1-2-9(13)12-6-3-4-7(10)8(11)5-6/h3-5H,2H2,1H3,(H,12,13)",3.45780196740732
"InChI=1S/C9H9Cl2NO/c1-2-9(13)12-6-3-4-7(10)8(11)5-6/h3-5H,2H2,1H3,(H,12,13)",4.03758556402413
"InChI=1S/C9H9ClO3/c1-6(9(11)12)13-8-4-2-3-7(10)5-8/h2-6H,1H3,(H,11,12)",3.30237197471763
"InChI=1S/C9H9ClO3/c1-6-4-7(10)2-3-8(6)13-5-9(11)12/h2-4H,5H2,1H3,(H,11,12)",4.70031198338967
"InChI=1S/C9H9N3O2/c1-14-9(13)12-8-10-6-4-2-3-5-7(6)11-8/h2-5H,1H3,(H2,10,11,12,13)",3.40639632281981
"InChI=1S/CCl2F2/c2-1(3,4)5",2.90638355650622
"InChI=1S/CCl3F/c2-1(3,4)5",2.59506047452425
InChI=1S/3C6H5.Sn.H/c3*1-2-4-6-5-3-1;;/h3*1-5H;;,6.0669625480302
InChI=1S/C10H18N4O4S3/c1-7(19-5)11-17-9(15)13(3)21-14(4)10(16)18-12-8(2)20-6/h1-6H3,4.54957865212472
InChI=1S/C10H6Cl4O4/c1-17-9(15)3-5(11)7(13)4(10(16)18-2)8(14)6(3)12/h1-2H3,2.82212129862366
InChI=1S/C10H6Cl4O4/c1-17-9(15)3-5(11)7(13)4(10(16)18-2)8(14)6(3)12/h1-2H3,4.52109130295968
InChI=1S/C10H7NO2/c12-11(13)10-7-3-5-8-4-1-2-6-9(8)10/h1-7H,3.0209838975238
InChI=1S/C11H18N4O2/c1-7-8(2)12-10(14(3)4)13-9(7)17-11(16)15(5)6/h1-6H3,4.28018891498254
InChI=1S/C11H18N4O2/c1-7-8(2)12-10(14(3)4)13-9(7)17-11(16)15(5)6/h1-6H3,4.2871938165512
InChI=1S/C12H10/c1-3-7-11(8-4-1)12-9-5-2-6-10-12/h1-10H,2.79016633269067
InChI=1S/C12H9Cl/c13-12-8-4-7-11(9-12)10-5-2-1-3-6-10/h1-9H,4.67360340221543
InChI=1S/C14H4N2O2S2/c15-5-9-10(6-16)20-14-12(18)8-4-2-1-3-7(8)11(17)13(14)19-9/h1-4H,4.47176647572299
InChI=1S/C14H4N2O2S2/c15-5-9-10(6-16)20-14-12(18)8-4-2-1-3-7(8)11(17)13(14)19-9/h1-4H,4.69361522533935
InChI=1S/C14H8Cl2N4/c15-11-7-3-1-5-9(11)13-17-19-14(20-18-13)10-6-2-4-8-12(10)16/h1-8H,4.1806220183605
InChI=1S/C14H8Cl2N4/c15-11-7-3-1-5-9(11)13-17-19-14(20-18-13)10-6-2-4-8-12(10)16/h1-8H,4.24360591089568
InChI=1S/C2H2Cl2/c1-2(3)4/h1H2,3.84038967397096
InChI=1S/C2H2Cl4/c3-1(4)2(5)6/h1-2H,3.19149572716769
InChI=1S/C2I4/c3-1(4)2(5)6,4.02664705683052
InChI=1S/C3H6N6O6/c10-7(11)4-1-5(8(12)13)3-6(2-4)9(14)15/h1-3H2,5.17048924956396
InChI=1S/C5H4O2/c6-4-5-2-1-3-7-5/h1-4H,3.20450009536782
InChI=1S/C6Cl5NO2/c7-1-2(8)4(10)6(12(13)14)5(11)3(1)9,3.32418644119937
InChI=1S/C6Cl5NO2/c7-1-2(8)4(10)6(12(13)14)5(11)3(1)9,3.37340446386955
InChI=1S/C6Cl6/c7-1-2(8)4(10)6(12)5(11)3(1)9,5.99211484281248
InChI=1S/C6H10O/c7-6-4-2-1-3-5-6/h1-5H2,2.03281793688456
InChI=1S/C6H12N2S4/c1-7(2)5(9)11-12-6(10)8(3)4/h1-4H3,4.20490259955842
InChI=1S/C6H12N2S4/c1-7(2)5(9)11-12-6(10)8(3)4/h1-4H3,4.30181261256647
InChI=1S/C6H12N2S4/c1-7(2)5(9)11-12-6(10)8(3)4/h1-4H3,4.32029601826049
InChI=1S/C6H12N2S4/c1-7(2)5(9)11-12-6(10)8(3)4/h1-4H3,4.64300653228067
InChI=1S/C6H3N3O6/c10-7(11)4-1-5(8(12)13)3-6(2-4)9(14)15/h1-3H,4.20441460583146
InChI=1S/C6H4Cl2/c7-5-1-2-6(8)4-3-5/h1-4H,2.690201870583
InChI=1S/C6H5Cl/c7-6-4-2-1-3-5-6/h1-5H,2.97219087736775
InChI=1S/C6H6Cl6/c7-1-2(8)4(10)6(12)5(11)3(1)9/h1-6H,4.56054897737691
InChI=1S/C6H6Cl6/c7-1-2(8)4(10)6(12)5(11)3(1)9/h1-6H,4.76466896003284
InChI=1S/C6H6Cl6/c7-1-2(8)4(10)6(12)5(11)3(1)9/h1-6H,4.79154110643314
InChI=1S/C6H6Cl6/c7-1-2(8)4(10)6(12)5(11)3(1)9/h1-6H,4.80088113268728
InChI=1S/C6H6Cl6/c7-1-2(8)4(10)6(12)5(11)3(1)9/h1-6H,4.86157897304089
InChI=1S/C6HCl5O/c7-1-2(8)4(10)6(12)5(11)3(1)9/h12H,4.42543075349016
InChI=1S/C7H3Cl2N/c8-6-2-1-3-7(9)5(6)4-10/h1-3H,4.83761727241192
InChI=1S/C8Cl4N2/c9-5-3(1-13)6(10)8(12)7(11)4(5)2-14,4.82267631193248
InChI=1S/C8H4O3/c9-7-5-3-1-2-4-6(5)8(10)11-7/h1-4H,2.09688233455707
InChI=1S/CBrN/c2-1-3,2.9386238816801
InChI=1S/CClN/c2-1-3,2.94356799915553
InChI=1S/CH2Cl2/c2-1-3/h1H2,3.20825373509371
InChI=1S/CH2Cl2/c2-1-3/h1H2,3.23010431252803
InChI=1S/CH2O/c1-2/h1H2,2.56368333860036
InChI=1S/CHBr2Cl/c2-1(3)4/h1H,3.86380195834146
InChI=1S/CHBrCl2/c2-1(3)4/h1H,3.10044647372987
InChI=1S/CHCl3/c2-1(3)4/h1H,3.29877173860401
InChI=1S/CHN/c1-2/h1H,2.94040947259108
InChI=1S/P4/c1-2-3(1)4(1)2,1.92514612424786
