InChI,nAtomP,nB,nAtomLC,naAromAtom,nAromBond,ALogP,nRotB,MLogP,XLogP,LipinskiFailures,ALogp2,AMR,nAtomLAC,nHBDon,nAtom
"InChI=1S/C10Cl10O/c11-2-1(21)3(12)6(15)4(2,13)8(17)5(2,14)7(3,16)9(6,18)10(8,19)20",2.0,25.0,0.0,0.0,0.0,4.4987998008728,0.0,1.35000002384186,3.7260000705719,0.0,20.239200592041,83.1997985839844,0.0,0.0,21.0
"InChI=1S/C10Cl12/c11-1-2(12)7(17)4(14)3(13,5(1,15)9(7,19)20)6(1,16)10(21,22)8(2,4)18",0.0,26.0,0.0,0.0,0.0,5.84999990463257,0.0,1.24000000953674,6.35799980163574,1.0,34.2224998474121,92.3588027954102,0.0,0.0,22.0
"InChI=1S/C10H10N2/c11-9-5-1-3-7-8(9)4-2-6-10(7)12/h1-6H,11-12H2",12.0,13.0,0.0,10.0,11.0,-1.49979996681213,0.0,2.33999991416931,1.76800000667572,0.0,2.24940013885498,8.44419956207275,0.0,2.0,22.0
"InChI=1S/C10H10O2/c1-2-3-8-4-5-9-10(6-8)12-7-11-9/h2,4-6H,1,3,7H2",8.0,13.0,3.0,6.0,6.0,0.726000010967255,2.0,2.33999991416931,2.9300000667572,0.0,0.527076005935669,22.3738994598389,3.0,0.0,22.0
"InChI=1S/C10H10O3/c1-2-8(11)7-3-4-9-10(5-7)13-6-12-9/h2-5,8,11H,1,6H2",8.0,14.0,4.0,6.0,6.0,-0.105899997055531,2.0,2.23000001907349,1.53299999237061,0.0,0.011214810423553,23.5818004608154,3.0,1.0,23.0
"InChI=1S/C10H12Cl2O2/c11-7-13-5-9-1-2-10(4-3-9)6-14-8-12/h1-4H,5-8H2",6.0,14.0,4.0,6.0,6.0,0.79339998960495,6.0,2.11999988555908,2.60800004005432,0.0,0.629483580589294,33.3348007202148,0.0,0.0,26.0
"InChI=1S/C10H12N2O4/c1-3-16-10-5-4-8(11-7(2)13)6-9(10)12(14)15/h4-6H,3H2,1-2H3,(H,11,13)",13.0,16.0,4.0,6.0,6.0,0.0803000032901764,4.0,1.89999997615814,2.49499988555908,0.0,0.00644809007644653,28.3962001800537,2.0,1.0,28.0
"InChI=1S/C10H12O/c1-3-4-9-5-7-10(11-2)8-6-9/h3,5-8H,1,4H2,2H3",7.0,11.0,3.0,6.0,6.0,0.976899981498718,3.0,2.45000004768372,3.65799999237061,0.0,0.954333603382111,22.2175998687744,3.0,0.0,23.0
"InChI=1S/C10H12O2/c1-2-3-8-4-5-9-10(6-8)12-7-11-9/h4-6H,2-3,7H2,1H3",8.0,13.0,3.0,6.0,6.0,-0.476999998092651,2.0,2.33999991416931,3.2960000038147,0.0,0.227529004216194,21.1478004455566,3.0,0.0,24.0
"InChI=1S/C10H12O2/c1-3-10(11)8-4-6-9(12-2)7-5-8/h3-7,10-11H,1H2,2H3",7.0,12.0,4.0,6.0,6.0,0.144999995827675,3.0,2.33999991416931,2.04999995231628,0.0,0.0210250001400709,23.425500869751,3.0,1.0,24.0
"InChI=1S/C10H13NO2/c1-3-13-10-6-4-9(5-7-10)11-8(2)12/h4-7H,3H2,1-2H3,(H,11,12)",10.0,13.0,4.0,6.0,6.0,0.126900002360344,3.0,2.23000001907349,2.60800004005432,0.0,0.0161036103963852,25.5104007720947,2.0,1.0,26.0
"InChI=1S/C10H14N2O2/c1-3-14-10-5-4-8(6-9(10)11)12-7(2)13/h4-6H,3,11H2,1-2H3,(H,12,13)",11.0,14.0,4.0,6.0,6.0,-0.623000025749207,3.0,2.11999988555908,1.57799994945526,0.0,0.388128995895386,29.7325000762939,2.0,2.0,28.0
"InChI=1S/C10H17Cl2NOS/c1-7(2)13(8(3)4)10(14)15-6-9(12)5-11/h5,7-8H,6H2,1-4H3",3.0,14.0,15.0,0.0,0.0,1.72119998931885,6.0,2.00999999046326,3.44000005722046,0.0,2.96252942085266,70.0038986206055,3.0,0.0,32.0
"InChI=1S/C10H5Cl7/c11-4-2-1-3-5(4)9(15)7(13)6(12)8(3,14)10(9,16)17/h1-5H",2.0,19.0,0.0,0.0,0.0,4.0327000617981,0.0,1.78999996185303,3.54999995231628,0.0,16.2626686096191,75.8010025024414,0.0,0.0,22.0
"InChI=1S/C10H6Cl8/c11-3-1-2-4(5(3)12)9(16)7(14)6(13)8(2,15)10(9,17)18/h2-5H,1H2",2.0,20.0,0.0,0.0,0.0,4.24259996414185,0.0,1.67999994754791,4.35500001907349,0.0,17.9996547698975,78.1775970458984,0.0,0.0,24.0
"InChI=1S/C10H8Cl8/c1-4-7(2-11,3-12)9(16)6(14)5(13)8(4,15)10(9,17)18/h5-6H,1-3H2",2.0,19.0,2.0,0.0,0.0,5.04790019989014,2.0,1.67999994754791,4.52099990844727,0.0,25.481294631958,80.5724029541016,0.0,,26.0
"InChI=1S/C10H8N4/c11-8-5-4-7-10(13-8)14-6-2-1-3-9(14)12-7/h1-6H,(H2,11,13)",3.0,16.0,0.0,0.0,5.0,-1.02540004253387,0.0,2.11999988555908,1.56900000572205,0.0,1.05144512653351,34.0446014404297,0.0,3.0,28.0
"InChI=1S/C10H9Cl4NO2S/c11-9(12)10(13,14)18-15-7(16)5-3-1-2-4-6(5)8(15)17/h1-2,5-6,9H,3-4H2",5.0,19.0,7.0,0.0,0.0,2.72370004653931,3.0,1.67999994754791,2.76999998092651,0.0,7.41854190826416,77.7978973388672,2.0,0.0,27.0
"InChI=1S/C10H9Cl4O4P/c1-16-19(15,17-2)18-10(5-11)6-3-8(13)9(14)4-7(6)12/h3-5H,1-2H3",13.0,19.0,10.0,6.0,6.0,2.65429997444153,5.0,1.57000005245209,3.46000003814697,0.0,7.0453085899353,53.5253982543945,2.0,0.0,28.0
"InChI=1S/C10H9Cl7/c1-4-6(2,3)8(13)5(11)7(4,12)9(14,15)10(8,16)17/h5H,1H2,2-3H3",2.0,18.0,0.0,0.0,0.0,5.21360015869141,0.0,1.78999996185303,4.35300016403198,0.0,27.1816253662109,76.4124984741211,0.0,0.0,26.0
"InChI=1S/C10H9N/c11-10-6-5-8-3-1-2-4-9(8)7-10/h1-7H,11H2",11.0,12.0,0.0,10.0,11.0,-0.749899983406067,0.0,2.45000004768372,3.8529999256134,0.0,0.562350034713745,4.22209978103638,0.0,1.0,20.0
"InChI=1S/C10H9N/c11-10-7-3-5-8-4-1-2-6-9(8)10/h1-7H,11H2",11.0,12.0,0.0,10.0,11.0,-0.749899983406067,0.0,2.45000004768372,3.64199995994568,0.0,0.562350034713745,4.22209978103638,0.0,1.0,20.0
"InChI=1S/C11H10N4/c1-15-9-5-4-8-7(3-2-6-13-8)10(9)14-11(15)12/h2-6H,1H3,(H2,12,14)",14.0,17.0,0.0,10.0,11.0,-0.36719998717308,0.0,2.23000001907349,2.85199999809265,0.0,0.134835839271545,16.8964004516602,0.0,2.0,25.0
"InChI=1S/C11H10N4/c1-7-3-2-6-15-10(7)13-8-4-5-9(12)14-11(8)15/h2-6H,1H3,(H2,12,14)",3.0,17.0,0.0,0.0,5.0,-0.0604000017046928,0.0,2.23000001907349,1.86600005626678,0.0,0.00364816002547741,41.2084999084473,0.0,3.0,31.0
"InChI=1S/C11H11N3O3/c12-10(15)6-9-11(16)17-13-14(9)7-8-4-2-1-3-5-8/h1-5H,6-7H2,(H2-,12,13,15,16)/p+1",6.0,18.0,4.0,6.0,6.0,-0.820900022983551,4.0,2.00999999046326,1.87100005149841,0.0,0.673876821994781,33.0758018493652,2.0,,33.0
"InChI=1S/C11H11N5/c1-6-5-13-7-3-4-8-10(9(7)14-6)15-11(12)16(8)2/h3-5H,1-2H3,(H2,12,15)",14.0,18.0,0.0,10.0,11.0,0.0723000019788742,0.0,2.11999988555908,2.33800005912781,0.0,0.00522729009389877,22.6289005279541,0.0,2.0,27.0
"InChI=1S/C11H11N5/c12-10-7-6-9(11(13)14-10)16-15-8-4-2-1-3-5-8/h1-7H,(H4,12,13,14)",8.0,17.0,2.0,6.0,6.0,-1.50999999046326,2.0,2.11999988555908,3.03500008583069,0.0,2.28010010719299,26.8635005950928,0.0,3.0,31.0
"InChI=1S/C11H14N2O4/c12-10(14)16-6-9(7-17-11(13)15)8-4-2-1-3-5-8/h1-5,9H,6-7H2,(H2,12,14)(H2,13,15)",6.0,17.0,11.0,6.0,6.0,0.655499994754791,7.0,2.00999999046326,4.34600019454956,0.0,0.42968025803566,31.8826007843018,3.0,4.0,31.0
"InChI=1S/C11H14O2/c1-4-5-9-6-7-10(12-2)11(8-9)13-3/h4,6-8H,1,5H2,2-3H3",8.0,13.0,3.0,6.0,6.0,0.925100028514862,4.0,2.45000004768372,3.00300002098083,0.0,0.855809986591339,29.5333995819092,3.0,0.0,27.0
"InChI=1S/C11H16N4O4/c16-8-4-14(5-9(17)12-8)2-1-3-15-6-10(18)13-11(19)7-15/h1-7H2,(H,12,16,17)(H,13,18,19)",5.0,20.0,3.0,0.0,0.0,-2.74819993972778,4.0,1.78999996185303,-1.40199995040894,0.0,7.55260324478149,62.8157997131348,3.0,,35.0
"InChI=1S/C11H17F3N6O/c12-11(13,14)7-17-10(16)18-9-4-6-20(19-9)5-2-1-3-8(15)21/h4,6H,1-3,5,7H2,(H2,15,21)(H3,16,17,18,19)",7.0,21.0,9.0,0.0,0.0,-0.522899985313416,9.0,1.57000005245209,1.34500002861023,0.0,0.273424416780472,64.0654983520508,5.0,5.0,40.0
"InChI=1S/C11H17N3O4/c1-12-10-3-2-9(8-11(10)14(17)18)13(4-6-15)5-7-16/h2-3,8,12,15-16H,4-7H2,1H3",11.0,18.0,7.0,6.0,6.0,-1.2257000207901,7.0,1.89999997615814,1.08200001716614,0.0,1.50234043598175,38.7584991455078,2.0,3.0,35.0
"InChI=1S/C11H8N2O5/c12-11(14)8(9-2-1-5-17-9)6-7-3-4-10(18-7)13(15)16/h1-6H,(H2,12,14)",18.0,19.0,5.0,10.0,10.0,-0.164199993014336,4.0,1.89999997615814,2.62199997901917,0.0,0.0269616395235062,23.6989002227783,3.0,2.0,26.0
"InChI=1S/C11H9N3/c12-10-6-5-8-7-3-1-2-4-9(7)13-11(8)14-10/h1-6H,(H3,12,13,14)",7.0,16.0,0.0,6.0,10.0,-0.379400014877319,0.0,2.33999991416931,2.64299988746643,0.0,0.143944352865219,18.1131992340088,0.0,3.0,24.0
"InChI=1S/C12H10Cl2N2/c13-9-5-7(1-3-11(9)15)8-2-4-12(16)10(14)6-8/h1-6H,15-16H2",14.0,17.0,0.0,12.0,12.0,-0.0111999996006489,1.0,2.33999991416931,2.89199995994568,0.0,0.000125439997646026,19.6753997802734,0.0,2.0,26.0
"InChI=1S/C12H10ClNO/c13-9-1-5-11(6-2-9)15-12-7-3-10(14)4-8-12/h1-8H,14H2",14.0,16.0,0.0,12.0,12.0,-0.159700006246567,2.0,2.45000004768372,3.75,0.0,0.0255040898919106,11.4568004608154,0.0,1.0,25.0
"InChI=1S/C12H10FN/c13-11-5-1-9(2-6-11)10-3-7-12(14)8-4-10/h1-8H,14H2",13.0,15.0,0.0,12.0,12.0,-0.27020001411438,1.0,2.55999994277954,4.11100006103516,0.0,0.0730080381035805,5.09460020065308,0.0,1.0,24.0
"InChI=1S/C12H10N2O/c15-14-12-8-6-11(7-9-12)13-10-4-2-1-3-5-10/h1-9,13H",15.0,16.0,2.0,12.0,12.0,-0.443699985742569,3.0,2.45000004768372,4.23400020599365,0.0,0.196869686245918,4.74289989471436,0.0,1.0,25.0
"InChI=1S/C12H11Cl2NO/c1-4-12(2,3)15-11(16)8-5-9(13)7-10(14)6-8/h1,5-7H,2-3H3,(H,15,16)",9.0,16.0,8.0,6.0,6.0,2.76600003242493,2.0,2.33999991416931,3.50300002098083,0.0,7.65075588226318,41.2397994995117,4.0,1.0,27.0
"InChI=1S/C12H11ClN2O5S/c13-9-5-10(15-6-7-2-1-3-20-7)8(12(16)17)4-11(9)21(14,18)19/h1-5,15H,6H2,(H,16,17)(H2,14,18,19)",14.0,22.0,3.0,11.0,11.0,-0.994899988174438,5.0,1.78999996185303,0.88400000333786,0.0,0.989826023578644,33.6077995300293,0.0,3.0,32.0
"InChI=1S/C12H11N/c13-12-8-6-11(7-9-12)10-4-2-1-3-5-10/h1-9H,13H2",13.0,14.0,0.0,12.0,12.0,-0.749899983406067,1.0,2.67000007629395,5.20699977874756,1.0,0.562350034713745,4.22209978103638,0.0,1.0,24.0
"InChI=1S/C12H11N/c13-12-9-5-4-8-11(12)10-6-2-1-3-7-10/h1-9H,13H2",13.0,14.0,0.0,12.0,12.0,-0.749899983406067,1.0,2.67000007629395,4.99599981307983,0.0,0.562350034713745,4.22209978103638,0.0,,24.0
"InChI=1S/C12H11N3/c1-7-12-8-4-2-3-5-9(8)15-10(12)6-11(13)14-7/h2-6,15H,1H3,(H2,13,14)",7.0,17.0,0.0,6.0,10.0,-0.4408999979496,0.0,2.45000004768372,2.57299995422363,0.0,0.194392815232277,22.5443992614746,0.0,,27.0
"InChI=1S/C12H11N3/c1-7-6-9-8-4-2-3-5-10(8)14-12(9)15-11(7)13/h2-6H,1H3,(H3,13,14,15)",7.0,17.0,0.0,6.0,10.0,0.139400005340576,0.0,2.45000004768372,2.93600010871887,0.0,0.0194323603063822,22.807300567627,0.0,,27.0
"InChI=1S/C12H11N7/c13-9-7(6-4-2-1-3-5-6)16-8-10(14)18-12(15)19-11(8)17-9/h1-5H,(H6,13,14,15,17,18,19)",6.0,21.0,0.0,6.0,6.0,-2.05949997901917,1.0,2.00999999046326,1.93400001525879,1.0,4.24154043197632,40.4961013793945,0.0,7.0,36.0
"InChI=1S/C12H12N2/c1-3-7-11(8-4-1)13-14-12-9-5-2-6-10-12/h1-10,13-14H",14.0,15.0,2.0,12.0,12.0,-0.840799987316132,3.0,2.55999994277954,5.67000007629395,1.0,0.706944644451141,6.59999990463257,0.0,2.0,26.0
"InChI=1S/C12H12N2/c13-11-5-1-9(2-6-11)10-3-7-12(14)8-4-10/h1-8H,13-14H2",14.0,15.0,0.0,12.0,12.0,-1.49979996681213,1.0,2.55999994277954,3.12199997901917,0.0,2.24940013885498,8.44419956207275,0.0,2.0,26.0
"InChI=1S/C12H12N2O/c13-9-1-5-11(6-2-9)15-12-7-3-10(14)4-8-12/h1-8H,13-14H2",15.0,16.0,0.0,12.0,12.0,-1.65390002727509,2.0,2.45000004768372,2.62400007247925,0.0,2.73538517951965,10.0633001327515,0.0,2.0,27.0
"InChI=1S/C12H12N2O2/c13-9-3-1-7(5-11(9)15)8-2-4-10(14)12(16)6-8/h1-6,15-16H,13-14H2",16.0,17.0,0.0,12.0,12.0,-2.4203999042511,1.0,2.33999991416931,1.63199996948242,0.0,5.85833597183228,13.5733995437622,0.0,,28.0
"InChI=1S/C12H12N2O3/c1-2-12(8-6-4-3-5-7-8)9(15)13-11(17)14-10(12)16/h3-7H,2H2,1H3,(H2,13,14,15,16,17)",8.0,18.0,2.0,6.0,6.0,-1.12360000610352,2.0,2.23000001907349,3.76099991798401,0.0,1.26247692108154,34.4664001464844,2.0,2.0,29.0
"InChI=1S/C12H12N2S/c13-9-1-5-11(6-2-9)15-12-7-3-10(14)4-8-12/h1-8H,13-14H2",7.0,16.0,0.0,12.0,12.0,-0.909200012683868,2.0,2.45000004768372,2.95499992370605,0.0,0.826644659042358,16.237699508667,0.0,2.0,27.0
"InChI=1S/C12H12N4/c1-7-6-9-8(4-3-5-14-9)10-11(7)16(2)12(13)15-10/h3-6H,1-2H3,(H2,13,15)",14.0,18.0,0.0,10.0,11.0,0.274800002574921,0.0,2.33999991416931,2.96399998664856,0.0,0.0755150392651558,22.3985004425049,0.0,2.0,28.0
"InChI=1S/C12H13N3O/c13-8-1-3-9(4-2-8)16-10-5-6-11(14)12(15)7-10/h1-7H,13-15H2",16.0,17.0,0.0,12.0,12.0,-2.40380001068115,2.0,2.33999991416931,1.59399998188019,0.0,5.77825450897217,14.285400390625,0.0,3.0,29.0
"InChI=1S/C12H13NO4S2/c1-2-18(14,15)11-7-8-12(19(13,16)17)10-6-4-3-5-9(10)11/h3-8H,2H2,1H3,(H2,13,16,17)",17.0,20.0,5.0,10.0,11.0,-1.00899994373322,3.0,2.00999999046326,1.83800005912781,0.0,1.01808094978333,29.7737007141113,2.0,1.0,32.0
"InChI=1S/C12H14N2O2/c1-2-12(9-6-4-3-5-7-9)10(15)13-8-14-11(12)16/h3-7H,2,8H2,1H3,(H,13,15)(H,14,16)",6.0,17.0,2.0,6.0,6.0,-1.25660002231598,2.0,2.33999991416931,3.51799988746643,0.0,1.57904350757599,32.5567016601562,2.0,2.0,30.0
"InChI=1S/C12H14N4/c13-9-3-1-7(5-11(9)15)8-2-4-10(14)12(16)6-8/h1-6H,13-16H2",16.0,17.0,0.0,12.0,12.0,-2.99959993362427,1.0,2.33999991416931,0.639999985694885,0.0,8.99760055541992,16.8883991241455,0.0,,30.0
"InChI=1S/C12H14N4O2S/c1-8-7-9(2)15-12(14-8)16-19(17,18)11-5-3-10(13)4-6-11/h3-7H,13H2,1-2H3,(H,14,15,16)",17.0,20.0,4.0,12.0,12.0,-0.807399988174438,3.0,2.00999999046326,1.73399996757507,0.0,0.651894748210907,26.8286991119385,0.0,2.0,33.0
"InChI=1S/C12H14O4/c1-2-9(13-5-11-7-15-11)4-10(3-1)14-6-12-8-16-12/h1-4,11-12H,5-8H2",8.0,18.0,2.0,6.0,6.0,-0.670799970626831,6.0,2.33999991416931,1.182000041008,0.0,0.449972629547119,32.1209983825684,0.0,0.0,30.0
"InChI=1S/C12H15N3O5/c13-9(12(19)20)5-6-10(16)15-14-8-3-1-7(2-4-8)11(17)18/h1-4,9,14H,5-6,13H2,(H,15,16)(H,17,18)(H,19,20)",13.0,20.0,11.0,6.0,6.0,-2.14179992675781,7.0,1.89999997615814,-0.72299998998642,0.0,4.58730745315552,41.2206993103027,5.0,5.0,35.0
"InChI=1S/C12H15N3O6/c1-6-9(13(16)17)7(2)11(15(20)21)8(12(3,4)5)10(6)14(18)19/h1-5H3",15.0,21.0,3.0,6.0,6.0,2.70040011405945,4.0,1.78999996185303,4.47599983215332,0.0,7.29216003417969,38.7883987426758,0.0,0.0,36.0
"InChI=1S/C12H17NO3/c1-3-16-11-6-4-10(5-7-11)13-12(15)8-9(2)14/h4-7,9,14H,3,8H2,1-2H3,(H,13,15)",10.0,16.0,7.0,6.0,6.0,-0.86080002784729,6.0,2.33999991416931,2.03099989891052,0.0,0.740976631641388,35.461498260498,4.0,,33.0
"InChI=1S/C12H19N3O/c1-9(2)15-12(16)11-6-4-10(5-7-11)8-14-13-3/h4-7,9,13-14H,8H2,1-3H3,(H,15,16)",9.0,16.0,6.0,6.0,6.0,-1.30949997901917,6.0,2.33999991416931,2.76900005340576,0.0,1.71479022502899,39.6456985473633,0.0,3.0,35.0
"InChI=1S/C12H27O4P/c1-4-7-10-14-17(13,15-11-8-5-2)16-12-9-6-3/h4-12H2,1-3H3",5.0,16.0,17.0,0.0,0.0,-1.63800001144409,12.0,2.23000001907349,3.35999989509583,1.0,2.68304395675659,60.3110008239746,4.0,0.0,44.0
"InChI=1S/C12H8Cl6/c13-8-9(14)11(16)7-5-2-1-4(3-5)6(7)10(8,15)12(11,17)18/h1-2,4-7H,3H2",2.0,21.0,0.0,0.0,0.0,3.06080007553101,0.0,2.11999988555908,4.1560001373291,0.0,9.36849689483643,78.0286026000977,0.0,0.0,26.0
"InChI=1S/C12H8Cl6O/c13-8-9(14)11(16)5-3-1-2(6-7(3)19-6)4(5)10(8,15)12(11,17)18/h2-7H,1H2",2.0,23.0,0.0,0.0,0.0,2.33809995651245,0.0,2.00999999046326,3.00500011444092,0.0,5.46671152114868,76.1249008178711,0.0,0.0,27.0
"InChI=1S/C12H9N/c1-3-7-11-9(5-1)10-6-2-4-8-12(10)13-11/h1-8,13H",13.0,15.0,0.0,12.0,15.0,0.0,0.0,2.67000007629395,4.19000005722046,0.0,0.0,0.0,0.0,1.0,21.0
"InChI=1S/C12H9NO/c13-8-5-6-12-10(7-8)9-3-1-2-4-11(9)14-12/h1-7H,13H2",14.0,16.0,0.0,12.0,15.0,-0.903999984264374,0.0,2.55999994277954,3.03299999237061,0.0,0.817215979099274,5.84119987487793,0.0,1.0,23.0
"InChI=1S/C12H9NO2/c14-13(15)11-7-6-9-5-4-8-2-1-3-10(11)12(8)9/h1-3,6-7H,4-5H2",13.0,17.0,3.0,10.0,11.0,0.0781999975442886,1.0,2.45000004768372,4.86499977111816,0.0,0.00611524004489183,12.6166000366211,0.0,0.0,24.0
"InChI=1S/C13H11ClO/c14-12-6-7-13(15)11(9-12)8-10-4-2-1-3-5-10/h1-7,9,15H,8H2",7.0,16.0,0.0,12.0,12.0,0.740199983119965,2.0,2.67000007629395,5.51700019836426,1.0,0.547896027565002,12.7812004089355,0.0,1.0,26.0
"InChI=1S/C13H12Cl2N2/c14-10-6-8(1-3-12(10)16)5-9-2-4-13(17)11(15)7-9/h1-4,6-7H,5,16-17H2",7.0,18.0,0.0,12.0,12.0,0.444999992847443,2.0,2.45000004768372,3.46099996566772,0.0,0.1980250030756,24.2763996124268,0.0,2.0,29.0
"InChI=1S/C13H12N4/c1-17-11-7-10(9-5-3-2-4-6-9)8-15-12(11)16-13(17)14/h2-8H,1H3,(H2,14,15,16)",16.0,19.0,0.0,12.0,12.0,-0.36719998717308,1.0,2.45000004768372,4.9539999961853,0.0,0.134835839271545,16.8964004516602,0.0,,29.0
"InChI=1S/C13H13N3/c1-7-12-11(8(2)15-13(7)14)9-5-3-4-6-10(9)16-12/h3-6,16H,1-2H3,(H2,14,15)",7.0,18.0,0.0,6.0,10.0,-0.180899992585182,0.0,2.55999994277954,2.8659999370575,0.0,0.0327248089015484,27.3493003845215,0.0,,30.0
"InChI=1S/C13H13N3O/c1-17-13-9-11(7-8-12(13)14)16-15-10-5-3-2-4-6-10/h2-9H,14H2,1H3",16.0,18.0,2.0,12.0,12.0,-0.801699995994568,3.0,2.45000004768372,4.41499996185303,0.0,0.642722904682159,11.5378999710083,0.0,1.0,30.0
"InChI=1S/C13H14Cl2O3/c1-12(2,11(16)17)18-9-5-3-8(4-6-9)10-7-13(10,14)15/h3-6,10H,7H2,1-2H3,(H,16,17)",7.0,19.0,7.0,6.0,6.0,1.23710000514984,4.0,2.33999991416931,3.59400010108948,0.0,1.53041636943817,44.3660011291504,3.0,1.0,32.0
"InChI=1S/C13H14N2/c14-12-5-1-10(2-6-12)9-11-3-7-13(15)8-4-11/h1-8H,9,14-15H2",7.0,16.0,0.0,12.0,12.0,-1.04359996318817,2.0,2.67000007629395,3.69099998474121,0.0,1.08910095691681,13.0452003479004,0.0,1.0,29.0
"InChI=1S/C13H16F3N3O4/c1-3-5-17(6-4-2)12-10(18(20)21)7-9(13(14,15)16)8-11(12)19(22)23/h7-8H,3-6H2,1-2H3",13.0,23.0,7.0,6.0,6.0,0.567900002002716,8.0,1.78999996185303,4.84499979019165,0.0,0.322510421276093,42.1492004394531,3.0,0.0,39.0
"InChI=1S/C13H17N3O4S/c1-10-12(14(2)9-21(18,19)20)13(17)16(15(10)3)11-7-5-4-6-8-11/h4-8H,9H2,1-3H3,(H,18,19,20)",10.0,22.0,7.0,6.0,6.0,-1.09599995613098,4.0,2.00999999046326,0.335999995470047,0.0,1.20121598243713,52.4035987854004,0.0,,40.0
"InChI=1S/C13H18Cl2N2O2/c14-5-7-17(8-6-15)11-3-1-10(2-4-11)9-12(16)13(18)19/h1-4,12H,5-9,16H2,(H,18,19)",7.0,19.0,7.0,6.0,6.0,0.463800013065338,8.0,2.23000001907349,0.514999985694885,0.0,0.215110436081886,52.6076011657715,3.0,2.0,37.0
"InChI=1S/C13H19NO4S/c1-3-9-14(10-4-2)19(17,18)12-7-5-11(6-8-12)13(15)16/h5-8H,3-4,9-10H2,1-2H3,(H,15,16)",13.0,19.0,10.0,6.0,6.0,-1.62650001049042,7.0,2.23000001907349,2.30800008773804,0.0,2.64550232887268,45.4058990478516,3.0,1.0,38.0
"InChI=1S/C14H10Cl4/c15-11-5-1-9(2-6-11)13(14(17)18)10-3-7-12(16)8-4-10/h1-8,13-14H",6.0,19.0,4.0,12.0,12.0,2.6538999080658,3.0,2.55999994277954,6.36700010299683,1.0,7.04318523406982,30.1860008239746,2.0,0.0,28.0
"InChI=1S/C14H13N3O3/c1-20-13-8-10(2-3-12(13)18)9-16-17-14(19)11-4-6-15-7-5-11/h2-9,16H,1H3,(H,17,19)",19.0,21.0,5.0,6.0,6.0,-1.23749995231628,5.0,2.33999991416931,1.24699997901917,0.0,1.5314062833786,51.63330078125,0.0,,33.0
"InChI=1S/C14H14ClN3O2S/c1-8-4-3-5-10(9(8)2)16-12-6-11(15)17-14(18-12)21-7-13(19)20/h3-6H,7H2,1-2H3,(H,19,20)(H,16,17,18)",9.0,22.0,5.0,6.0,6.0,1.95510005950928,4.0,2.23000001907349,2.97399997711182,0.0,3.82241606712341,59.7943992614746,2.0,3.0,39.0
"InChI=1S/C14H14N2/c1-2-16-13-6-4-3-5-11(13)12-9-10(15)7-8-14(12)16/h3-9H,2,15H2,1H3",14.0,18.0,2.0,12.0,15.0,-0.38400000333786,1.0,2.77999997138977,3.49900007247925,0.0,0.147456005215645,17.1105995178223,2.0,,30.0
"InChI=1S/C14H16N2/c1-9-7-11(3-5-13(9)15)12-4-6-14(16)10(2)8-12/h3-8H,15-16H2,1-2H3",14.0,17.0,0.0,12.0,12.0,-0.215800002217293,1.0,2.77999997138977,3.34599995613098,0.0,0.0465696416795254,19.4484004974365,0.0,,32.0
"InChI=1S/C14H16N2O2/c1-17-13-7-9(3-5-11(13)15)10-4-6-12(16)14(8-10)18-2/h3-8H,15-16H2,1-2H3",16.0,19.0,2.0,12.0,12.0,-1.60339999198914,3.0,2.55999994277954,1.81200003623962,0.0,2.57089161872864,23.0757999420166,0.0,2.0,34.0
"InChI=1S/C14H19Cl2NO2/c15-8-10-17(11-9-16)13-6-4-12(5-7-13)2-1-3-14(18)19/h4-7H,1-3,8-11H2,(H,18,19)",7.0,19.0,7.0,6.0,6.0,1.11759996414185,9.0,2.45000004768372,4.29199981689453,0.0,1.24902975559235,52.5234985351562,4.0,1.0,38.0
"InChI=1S/C14H19NO2/c1-17-14(16)13(11-7-3-2-4-8-11)12-9-5-6-10-15-12/h2-4,7-8,12-13,15H,5-6,9-10H2,1H3",6.0,18.0,5.0,6.0,6.0,-1.45669996738434,4.0,2.67000007629395,4.21500015258789,0.0,2.12197494506836,35.7549018859863,2.0,1.0,36.0
"InChI=1S/C14H7Br2NO2/c15-8-5-9(16)12(17)11-10(8)13(18)6-3-1-2-4-7(6)14(11)19/h1-5H,17H2",17.0,21.0,0.0,12.0,12.0,0.500100016593933,0.0,2.45000004768372,3.49000000953674,0.0,0.250100016593933,32.1123008728027,0.0,1.0,26.0
"InChI=1S/C14H7ClF3NO5/c15-10-5-7(14(16,17)18)1-4-12(10)24-8-2-3-11(19(22)23)9(6-8)13(20)21/h1-6H,(H,20,21)",19.0,25.0,3.0,12.0,12.0,1.40190005302429,5.0,1.89999997615814,5.01800012588501,1.0,1.96532356739044,23.7744007110596,0.0,1.0,31.0
"InChI=1S/C14H8O4/c15-9-5-1-3-7-11(9)14(18)12-8(13(7)17)4-2-6-10(12)16/h1-6,15-16H",18.0,20.0,0.0,12.0,12.0,-1.4481999874115,0.0,2.55999994277954,1.30400002002716,0.0,2.09728312492371,15.8212003707886,0.0,2.0,26.0
"InChI=1S/C14H9Cl5/c15-11-5-1-9(2-6-11)13(14(17,18)19)10-3-7-12(16)8-4-10/h1-8,13H",6.0,20.0,5.0,12.0,12.0,3.14249992370605,3.0,2.45000004768372,7.01999998092651,1.0,9.87530612945557,35.7430992126465,2.0,0.0,28.0
"InChI=1S/C14H9Cl5O/c15-11-5-1-9(2-6-11)13(20,14(17,18)19)10-3-7-12(16)8-4-10/h1-8,20H",6.0,21.0,6.0,12.0,12.0,2.43160009384155,3.0,2.33999991416931,6.1100001335144,1.0,5.91267871856689,37.0377998352051,2.0,1.0,29.0
"InChI=1S/C14H9NO2/c15-8-5-6-11-12(7-8)14(17)10-4-2-1-3-9(10)13(11)16/h1-7H,15H2",17.0,19.0,0.0,12.0,12.0,-1.2775000333786,0.0,2.67000007629395,2.62199997901917,0.0,1.63200628757477,14.9140996932983,0.0,1.0,26.0
"InChI=1S/C15H11ClN2O2/c16-10-6-7-12-11(8-10)13(9-4-2-1-3-5-9)18-15(20)14(19)17-12/h1-8,15,20H,(H,17,19)",17.0,22.0,0.0,12.0,12.0,0.234400004148483,1.0,2.55999994277954,4.36499977111816,0.0,0.054943360388279,26.4554996490479,0.0,2.0,31.0
"InChI=1S/C15H11NO2/c1-8-6-7-11-12(13(8)16)15(18)10-5-3-2-4-9(10)14(11)17/h2-7H,16H2,1H3",17.0,20.0,0.0,12.0,12.0,-0.635500013828278,0.0,2.77999997138977,2.73399996757507,0.0,0.403860241174698,20.4162006378174,0.0,1.0,29.0
"InChI=1S/C15H12N2O2/c18-13-15(17-14(19)16-13,11-7-3-1-4-8-11)12-9-5-2-6-10-12/h1-10H,(H2,16,17,18,19)",6.0,21.0,0.0,12.0,12.0,-0.575900018215179,2.0,2.67000007629395,4.85400009155273,0.0,0.331660807132721,19.0569000244141,0.0,2.0,31.0
"InChI=1S/C15H13NO/c1-10(17)16-13-6-7-15-12(9-13)8-11-4-2-3-5-14(11)15/h2-7,9H,8H2,1H3,(H,16,17)",15.0,19.0,4.0,12.0,12.0,0.384499996900558,1.0,2.89000010490417,5.80700016021729,1.0,0.147840246558189,18.5018005371094,2.0,1.0,30.0
"InChI=1S/C15H13NO2/c1-10(17)16(18)13-6-7-15-12(9-13)8-11-4-2-3-5-14(11)15/h2-7,9,18H,8H2,1H3",16.0,20.0,5.0,12.0,12.0,-0.629000008106232,2.0,2.77999997138977,4.67600011825562,0.0,0.395640999078751,20.0314998626709,2.0,1.0,31.0
"InChI=1S/C15H15N3O2/c1-10-3-8-15(20)14(9-10)18-17-13-6-4-12(5-7-13)16-11(2)19/h3-9,17H,1-2H3,(H,16,19)",18.0,21.0,4.0,6.0,6.0,0.307099997997284,3.0,2.55999994277954,3.38599991798401,0.0,0.0943104103207588,53.9188995361328,2.0,,35.0
"InChI=1S/C15H16N4O/c1-3-19-15-13(10(2)18-19)17-12(20)9-16-14(15)11-7-5-4-6-8-11/h4-8H,3,9H2,1-2H3,(H,17,20)",8.0,22.0,2.0,6.0,11.0,0.416399985551834,2.0,2.55999994277954,2.91000008583069,0.0,0.173388957977295,38.2625007629395,2.0,2.0,36.0
"InChI=1S/C15H23ClO4S/c1-12(20-21(17)19-10-9-16)11-18-14-7-5-13(6-8-14)15(2,3)4/h5-8,12H,9-11H2,1-4H3",7.0,21.0,11.0,6.0,6.0,1.7257000207901,9.0,2.45000004768372,3.91400003433228,0.0,2.97804045677185,61.6603012084961,3.0,0.0,44.0
"InChI=1S/C15H24O/c1-10-8-11(14(2,3)4)13(16)12(9-10)15(5,6)7/h8-9,16H,1-7H3",7.0,16.0,3.0,6.0,6.0,3.29410004615784,2.0,3.0,5.95699977874756,1.0,10.851095199585,46.3203010559082,0.0,1.0,40.0
"InChI=1S/C15H9NO4/c1-8-6-7-11-12(13(8)16(19)20)15(18)10-5-3-2-4-9(10)14(11)17/h2-7H,1H3",19.0,22.0,2.0,12.0,12.0,0.0678000003099442,1.0,2.55999994277954,3.65100002288818,0.0,0.00459684012457728,19.0799007415771,0.0,0.0,29.0
"InChI=1S/C16H11N3O6/c1-18-8-12(16(21)22)14(20)11-6-3-9(17-15(11)18)2-4-10-5-7-13(25-10)19(23)24/h2-8H,1H3,(H,21,22)",19.0,27.0,3.0,11.0,11.0,-0.254099994897842,4.0,2.23000001907349,2.17000007629395,0.0,0.0645668134093285,44.3172988891602,2.0,,38.0
"InChI=1S/C16H12N2O2/c19-15-13-7-3-1-5-11(13)9-17-16(20)14-8-4-2-6-12(14)10-18(15)17/h1-8H,9-10H2",18.0,23.0,0.0,12.0,12.0,-1.24639999866486,0.0,2.77999997138977,3.40400004386902,0.0,1.55351293087006,24.3073997497559,0.0,0.0,32.0
"InChI=1S/C16H14Cl2O3/c1-2-21-15(19)16(20,11-3-7-13(17)8-4-11)12-5-9-14(18)10-6-12/h3-10,20H,2H2,1H3",6.0,22.0,7.0,12.0,12.0,1.00499999523163,5.0,2.67000007629395,4.15899991989136,0.0,1.01002502441406,32.3810005187988,2.0,1.0,35.0
"InChI=1S/C16H15NO2/c17-15-11-5-4-10-14(15)16(18)19-12-6-9-13-7-2-1-3-8-13/h1-11H,12,17H2",10.0,20.0,6.0,12.0,12.0,-0.361600011587143,5.0,2.89000010490417,6.27099990844727,1.0,0.130754560232162,25.5445995330811,3.0,1.0,34.0
"InChI=1S/C16H17NO2/c1-18-15-9-10-16(19-2)13(11-15)6-3-12-4-7-14(17)8-5-12/h3-11H,17H2,1-2H3",17.0,20.0,2.0,12.0,12.0,-0.385699987411499,4.0,2.89000010490417,4.19600009918213,0.0,0.148764491081238,29.1723003387451,2.0,1.0,36.0
"InChI=1S/C16H19ClN4O2S/c1-10-4-3-5-12(11(10)2)19-14-8-13(17)20-16(21-14)24-9-15(23)18-6-7-22/h3-5,8,22H,6-7,9H2,1-2H3,(H,18,23)(H,19,20,21)",9.0,25.0,8.0,6.0,6.0,1.45200002193451,6.0,2.33999991416931,2.47300004959106,0.0,2.10830402374268,72.8536987304688,2.0,4.0,47.0
"InChI=1S/C16H22N4O3/c1-3-6-13-14(9-8-12(11(2)21)16(13)22)23-10-5-4-7-15-17-19-20-18-15/h8-9,22H,3-7,10H2,1-2H3,(H,17,18,19,20)",10.0,24.0,5.0,6.0,11.0,-1.89499998092651,9.0,2.45000004768372,3.54399991035461,0.0,3.59102511405945,42.0768013000488,4.0,5.0,44.0
"InChI=1S/C17H13N3O3/c1-11-6-8-14(15(10-11)20(22)23)18-19-17-13-5-3-2-4-12(13)7-9-16(17)21/h2-10,18H,1H3",22.0,25.0,2.0,12.0,12.0,0.166700005531311,3.0,2.67000007629395,6.9210000038147,1.0,0.0277888905256987,33.880500793457,0.0,,36.0
"InChI=1S/C17H17ClO3/c1-17(2,16(19)20)21-11-12-3-5-13(6-4-12)14-7-9-15(18)10-8-14/h3-10H,11H2,1-2H3,(H,19,20)",12.0,22.0,8.0,12.0,12.0,0.956099987030029,5.0,2.89000010490417,5.21700000762939,1.0,0.914127230644226,32.9342002868652,3.0,1.0,38.0
"InChI=1S/C17H17ClO3/c1-17(2,16(19)20-3)21-15-10-6-13(7-11-15)12-4-8-14(18)9-5-12/h4-11H,1-3H3",13.0,22.0,8.0,12.0,12.0,1.19550001621246,5.0,2.89000010490417,5.1729998588562,1.0,1.42922019958496,32.9911003112793,3.0,0.0,38.0
"InChI=1S/C17H20N2O/c1-18(2)15-9-5-13(6-10-15)17(20)14-7-11-16(12-8-14)19(3)4/h5-12H,1-4H3",16.0,21.0,3.0,12.0,12.0,0.171800002455711,4.0,3.0,3.60899996757507,0.0,0.0295152403414249,33.9287986755371,0.0,0.0,40.0
"InChI=1S/C17H21N3/c1-19(2)15-9-5-13(6-10-15)17(18)14-7-11-16(12-8-14)20(3)4/h5-12,18H,1-4H3",16.0,21.0,3.0,12.0,12.0,0.330000013113022,4.0,3.0,4.0149998664856,0.0,0.108900003135204,35.1859016418457,0.0,,41.0
"InChI=1S/C17H22N2/c1-18(2)16-9-5-14(6-10-16)13-15-7-11-17(12-8-15)19(3)4/h5-12H,13H2,1-4H3",7.0,20.0,3.0,12.0,12.0,0.891799986362457,4.0,3.10999989509583,4.94899988174438,0.0,0.795307219028473,33.1837997436523,0.0,0.0,41.0
"InChI=1S/C17H22N2O/c1-17(20-14-13-19(2)3,15-9-5-4-6-10-15)16-11-7-8-12-18-16/h4-12H,13-14H2,1-3H3",6.0,21.0,8.0,12.0,12.0,0.241500005125999,6.0,3.0,4.49900007247925,0.0,0.0583222508430481,33.3703994750977,2.0,0.0,42.0
"InChI=1S/C18H12O6/c1-21-11-7-12-13(8-5-6-22-18(8)24-12)17-15(11)16(20)14-9(19)3-2-4-10(14)23-17/h2-8,18-19H,1H3",18.0,28.0,2.0,12.0,12.0,-1.46529996395111,1.0,2.77999997138977,1.72200000286102,0.0,2.14710402488708,35.6242980957031,0.0,1.0,36.0
"InChI=1S/C18H14N4O5S/c23-16-9-6-13(11-15(16)18(24)25)21-20-12-4-7-14(8-5-12)28(26,27)22-17-3-1-2-10-19-17/h1-11,20H,(H,19,22)(H,24,25)",28.0,30.0,4.0,12.0,12.0,-1.54620003700256,6.0,2.33999991416931,3.03299999237061,0.0,2.39073443412781,52.8017997741699,0.0,,42.0
"InChI=1S/C18H16N2O7S2/c1-10-3-6-15(11(2)7-10)19-20-17-14-9-13(28(22,23)24)5-4-12(14)8-16(18(17)21)29(25,26)27/h3-9,19H,1-2H3,(H,22,23,24)(H,25,26,27)",27.0,31.0,3.0,12.0,12.0,-0.567799985408783,4.0,2.23000001907349,2.6340000629425,0.0,0.322396844625473,57.7383995056152,0.0,,45.0
"InChI=1S/C18H20O2/c1-3-17(13-5-9-15(19)10-6-13)18(4-2)14-7-11-16(20)12-8-14/h5-12,19-20H,3-4H2,1-2H3",16.0,21.0,6.0,12.0,12.0,-0.230199992656708,4.0,3.22000002861023,5.66200017929077,1.0,0.0529920384287834,33.7085990905762,6.0,2.0,40.0
"InChI=1S/C18H22ClNO/c1-16(15-21-18-10-6-3-7-11-18)20(13-12-19)14-17-8-4-2-5-9-17/h2-11,16H,12-15H2,1H3",7.0,22.0,9.0,12.0,12.0,0.650699973106384,8.0,3.10999989509583,6.54899978637695,1.0,0.423410475254059,38.2780990600586,3.0,0.0,43.0
"InChI=1S/C18H22O5/c1-12-6-5-8-13(19)7-3-2-4-9-15-16(18(22)23-12)10-14(20)11-17(15)21/h4,9-12,20-21H,2-3,5-8H2,1H3",13.0,24.0,0.0,6.0,6.0,-1.34560000896454,0.0,2.89000010490417,2.42199993133545,0.0,1.81063938140869,58.6670989990234,0.0,,45.0
"InChI=1S/C18H23NO6/c1-3-12-8-11(2)18(23,10-20)17(22)24-9-13-4-6-19-7-5-14(15(13)19)25-16(12)21/h3-4,14-15,20,23H,2,5-10H2,1H3",5.0,27.0,2.0,0.0,0.0,0.235100001096725,1.0,2.67000007629395,0.137999996542931,0.0,0.0552720092236996,88.9273986816406,2.0,2.0,48.0
"InChI=1S/C18H27NO3/c1-14(2)8-6-4-5-7-9-18(21)19-13-15-10-11-16(20)17(12-15)22-3/h6,8,10-12,14,20H,4-5,7,9,13H2,1-3H3,(H,19,21)",8.0,22.0,13.0,6.0,6.0,-0.0511999987065792,9.0,3.0,4.65100002288818,0.0,0.00262143998406827,62.2928009033203,9.0,2.0,49.0
"InChI=1S/C18H28O3S/c1-3-4-5-6-7-8-11-22(19)15(2)12-16-9-10-17-18(13-16)21-14-20-17/h9-10,13,15H,3-8,11-12,14H2,1-2H3",8.0,23.0,13.0,6.0,6.0,-2.42569994926453,10.0,3.0,4.74700021743774,0.0,5.88402032852173,58.8797988891602,8.0,0.0,50.0
"InChI=1S/C19H17N3/c20-16-7-1-13(2-8-16)19(14-3-9-17(21)10-4-14)15-5-11-18(22)12-6-15/h1-12,20H,21-22H2",22.0,24.0,0.0,12.0,12.0,-0.806599974632263,2.0,3.22000002861023,4.1710000038147,0.0,0.650603532791138,43.4127006530762,0.0,,39.0
"InChI=1S/C19H20N2O2/c1-2-3-14-17-18(22)20(15-10-6-4-7-11-15)21(19(17)23)16-12-8-5-9-13-16/h4-13,17H,2-3,14H2,1H3",18.0,25.0,4.0,12.0,12.0,-1.68340003490448,5.0,3.10999989509583,5.66400003433228,1.0,2.83383560180664,34.6782989501953,4.0,0.0,43.0
"InChI=1S/C19H30O5/c1-3-5-7-20-8-9-21-10-11-22-14-17-13-19-18(23-15-24-19)12-16(17)6-4-2/h12-13H,3-11,14-15H2,1-2H3",8.0,25.0,12.0,6.0,6.0,-1.3944000005722,13.0,3.0,3.76500010490417,1.0,1.94435131549835,66.0001983642578,4.0,0.0,54.0
"InChI=1S/C20H14O4/c21-15-9-5-13(6-10-15)20(14-7-11-16(22)12-8-14)18-4-2-1-3-17(18)19(23)24-20/h1-12,21-22H",9.0,27.0,0.0,18.0,18.0,-1.29659998416901,2.0,3.22000002861023,4.90999984741211,0.0,1.68117153644562,13.7238998413086,0.0,2.0,38.0
"InChI=1S/C20H16/c1-13-16-8-5-6-9-17(16)14(2)20-18(13)12-11-15-7-3-4-10-19(15)20/h3-12H,1-2H3",18.0,23.0,0.0,18.0,21.0,1.28400003910065,0.0,3.66000008583069,10.3360004425049,1.0,1.64865601062775,11.0041999816895,0.0,0.0,36.0
"InChI=1S/C20H18ClNO6/c1-10-7-12-14(21)9-13(17(23)16(12)20(27)28-10)18(24)22-15(19(25)26)8-11-5-3-2-4-6-11/h2-6,9-10,15,23H,7-8H2,1H3,(H,22,24)(H,25,26)",13.0,30.0,8.0,12.0,12.0,-0.159899994730949,5.0,2.77999997138977,4.59299993515015,1.0,0.0255680102854967,52.5177993774414,3.0,3.0,46.0
"InChI=1S/C20H26O2/c1-3-20(22)11-9-18-17-6-4-13-12-14(21)5-7-15(13)16(17)8-10-19(18,20)2/h1,16-18,22H,4-12H2,2H3",2.0,25.0,2.0,0.0,0.0,1.00919997692108,0.0,3.44000005722046,2.48000001907349,0.0,1.01848459243774,85.42919921875,2.0,1.0,48.0
"InChI=1S/C20H28O6/c1-9-5-13-18(24,15(9)22)7-11(8-21)6-12-14-17(3,4)20(14,26)16(23)10(2)19(12,13)25/h5-6,10,12-14,16,21,23-26H,7-8H2,1-4H3",4.0,29.0,2.0,0.0,0.0,-1.10309994220734,1.0,3.0,-1.05200004577637,0.0,1.21682965755463,94.7273025512695,0.0,5.0,54.0
"InChI=1S/C20H38N6O4/c1-12(2)9-16(24-14(5)28)19(30)26-17(10-13(3)4)18(29)25-15(11-27)7-6-8-23-20(21)22/h11-13,15-17H,6-10H2,1-5H3,(H,24,28)(H,25,29)(H,26,30)(H4,21,22,23)",4.0,29.0,30.0,0.0,0.0,-0.275499999523163,15.0,2.55999994277954,2.73799991607666,2.0,0.0759002491831779,106.290199279785,5.0,6.0,68.0
"InChI=1S/C22H28O3/c1-4-22(25-14(2)23)12-10-20-19-7-5-15-13-16(24)6-8-17(15)18(19)9-11-21(20,22)3/h1,13,17-20H,5-12H2,2-3H3",4.0,28.0,4.0,0.0,0.0,1.32949995994568,2.0,3.54999995231628,3.98399996757507,0.0,1.76757025718689,93.5656967163086,2.0,0.0,53.0
"InChI=1S/C22H42O4/c1-5-9-13-19(7-3)17-25-21(23)15-11-12-16-22(24)26-18-20(8-4)14-10-6-2/h19-20H,5-18H2,1-4H3",3.0,25.0,26.0,0.0,0.0,-2.28920006752014,19.0,3.44000005722046,7.35599994659424,2.0,5.24043655395508,92.5029983520508,7.0,0.0,68.0
"InChI=1S/C23H36N2O2/c1-21(2,3)25-20(27)17-8-7-15-14-6-9-18-23(5,13-11-19(26)24-18)16(14)10-12-22(15,17)4/h11,13-18H,6-10,12H2,1-5H3,(H,24,26)(H,25,27)",5.0,30.0,7.0,0.0,0.0,1.89079999923706,2.0,3.54999995231628,5.31099987030029,1.0,3.57512474060059,105.400901794434,0.0,2.0,63.0
"InChI=1S/C24H29ClO4/c1-12(26)24(29-13(2)27)8-6-16-14-10-20(25)19-11-21(28)15-9-18(15)23(19,4)17(14)5-7-22(16,24)3/h10-11,14-18H,5-9H2,1-4H3",6.0,33.0,4.0,0.0,0.0,1.27230000495911,3.0,3.54999995231628,3.28200006484985,0.0,1.61874723434448,111.438301086426,2.0,0.0,58.0
"InChI=1S/C24H31Cl2N5O7/c1-2-14-21(35)30-16(10-32)22(36)29-15(12-6-4-3-5-7-12)8-18(34)27-17(11-33)24(38)31-9-13(25)19(26)20(31)23(37)28-14/h3-7,13-17,19-20,32-33H,2,8-11H2,1H3,(H,27,34)(H,28,37)(H,29,36)(H,30,35)",6.0,40.0,2.0,6.0,6.0,-1.45200002193451,4.0,2.55999994277954,1.83000004291534,2.0,2.10830402374268,108.595100402832,0.0,6.0,69.0
"InChI=1S/C24H34O9/c1-12(2)7-18(27)32-16-9-23(10-29-14(4)25)17(8-13(16)3)33-21-19(28)20(31-15(5)26)22(23,6)24(21)11-30-24/h8,12,16-17,19-21,28H,7,9-11H2,1-6H3",3.0,36.0,7.0,0.0,0.0,-0.0489999987185001,9.0,3.10999989509583,1.69200003147125,0.0,0.00240099988877773,113.26969909668,4.0,1.0,67.0
"InChI=1S/C24H36O5/c1-5-15(3)24(27)29-21-11-14(2)10-17-7-6-16(4)20(23(17)21)9-8-19-12-18(25)13-22(26)28-19/h6-7,10,14-16,18-21,23,25H,5,8-9,11-13H2,1-4H3",4.0,31.0,7.0,0.0,0.0,-0.099200002849102,7.0,3.54999995231628,4.57399988174438,0.0,0.00984064023941755,105.645500183105,4.0,1.0,65.0
"InChI=1S/C24H38O4/c1-5-9-13-19(7-3)17-27-23(25)21-15-11-12-16-22(21)24(26)28-18-20(8-4)14-10-6-2/h11-12,15-16,19-20H,5-10,13-14,17-18H2,1-4H3",12.0,28.0,11.0,6.0,6.0,-1.78279995918274,16.0,3.66000008583069,9.04199981689453,2.0,3.17837572097778,77.5813980102539,7.0,0.0,66.0
"InChI=1S/C24H51O4P/c1-7-13-16-22(10-4)19-26-29(25,27-20-23(11-5)17-14-8-2)28-21-24(12-6)18-15-9-3/h22-24H,7-21H2,1-6H3",5.0,28.0,29.0,0.0,0.0,-2.49959993362427,21.0,3.54999995231628,9.37199974060059,2.0,6.2480001449585,108.505699157715,7.0,0.0,80.0
"InChI=1S/C26H29NO/c1-4-25(21-11-7-5-8-12-21)26(22-13-9-6-10-14-22)23-15-17-24(18-16-23)28-20-19-27(2)3/h5-18H,4,19-20H2,1-3H3",21.0,30.0,6.0,18.0,18.0,0.470400005578995,8.0,4.09999990463257,10.7559995651245,1.0,0.221276164054871,43.5638008117676,4.0,0.0,57.0
"InChI=1S/C26H34O6/c1-25(2,23(27)28)14-8-16-31-20-12-13-22(21(18-20)19-10-6-5-7-11-19)32-17-9-15-26(3,4)24(29)30/h5-7,10-13,18H,8-9,14-17H2,1-4H3,(H,27,28)(H,29,30)",14.0,33.0,10.0,12.0,12.0,0.612600028514862,13.0,3.66000008583069,6.42700004577637,2.0,0.375278770923615,69.9046020507812,5.0,2.0,66.0
"InChI=1S/C27H44O6/c1-15(20(28)8-9-24(2,3)32)16-7-11-27(33)18-12-21(29)19-13-22(30)23(31)14-25(19,4)17(18)6-10-26(16,27)5/h12,15-17,19-20,22-23,28,30-33H,6-11,13-14H2,1-5H3",4.0,36.0,10.0,0.0,0.0,-0.759100019931793,5.0,3.76999998092651,1.95899999141693,0.0,0.57623279094696,124.11319732666,7.0,5.0,77.0
"InChI=1S/C2Cl6/c3-1(4,5)2(6,7)8",0.0,7.0,8.0,0.0,0.0,3.37639999389648,1.0,1.01999998092651,3.88199996948242,0.0,11.4000768661499,41.8779983520508,2.0,0.0,8.0
"InChI=1S/C2H2Cl2O2/c3-1(4)2(5)6/h1H,(H,5,6)",3.0,5.0,6.0,0.0,0.0,0.965200006961823,1.0,1.24000000953674,0.570999979972839,0.0,0.931611061096191,22.619499206543,2.0,1.0,8.0
"InChI=1S/C2H2Cl4/c3-1-2(4,5)6/h1H2",0.0,5.0,6.0,0.0,0.0,2.44409990310669,1.0,1.24000000953674,2.81100010871887,0.0,5.97362470626831,31.2667999267578,2.0,0.0,8.0
"InChI=1S/C2H3Cl/c1-2-3/h2H,1H2",2.0,2.0,3.0,0.0,0.0,1.00199997425079,0.0,1.57000005245209,1.54900002479553,0.0,1.00400400161743,14.7774000167847,0.0,0.0,6.0
"InChI=1S/C2H3Cl3/c3-1-2(4)5/h2H,1H2",0.0,4.0,5.0,0.0,0.0,1.95550000667572,1.0,1.35000002384186,2.15799999237061,0.0,3.8239803314209,25.7096996307373,2.0,0.0,8.0
"InChI=1S/C2H3Cl3O2/c3-2(4,5)1(6)7/h1,6-7H",0.0,6.0,7.0,0.0,0.0,0.899800002574921,1.0,1.12999999523163,0.801999986171722,0.0,0.809640049934387,29.2457008361816,2.0,2.0,10.0
"InChI=1S/C2H3ClO/c3-1-2-4/h2H,1H2",1.0,3.0,4.0,0.0,0.0,0.350100010633469,1.0,1.46000003814697,0.570999979972839,0.0,0.122570008039474,16.4715003967285,2.0,0.0,7.0
"InChI=1S/C2H3F/c1-2-3/h2H,1H2",2.0,2.0,3.0,0.0,0.0,0.543099999427795,0.0,1.57000005245209,1.08800005912781,0.0,0.294957607984543,10.1890001296997,0.0,0.0,6.0
"InChI=1S/C2H4N2O2/c5-1-3-4-2-6/h1-2H,(H,3,5)(H,4,6)",6.0,5.0,6.0,0.0,0.0,-0.300999999046326,1.0,1.24000000953674,0.667999982833862,0.0,0.090600997209549,19.657600402832,0.0,2.0,10.0
"InChI=1S/C2H4N4/c3-2-4-1-5-6-2/h1H,(H3,3,4,5,6)",5.0,6.0,0.0,0.0,0.0,-0.884400010108948,0.0,1.24000000953674,0.347000002861023,0.0,0.782163381576538,18.7336006164551,0.0,4.0,12.0
"InChI=1S/C2H5Br/c1-2-3/h2H2,1H3",0.0,2.0,3.0,0.0,0.0,1.24150002002716,0.0,1.57000005245209,1.73599994182587,0.0,1.54132223129272,18.589599609375,2.0,0.0,8.0
"InChI=1S/C2H5BrO/c3-1-2-4/h4H,1-2H2",0.0,3.0,4.0,0.0,0.0,0.451700001955032,1.0,1.46000003814697,0.603999972343445,0.0,0.204032883048058,20.5881004333496,2.0,1.0,9.0
"InChI=1S/C2H5Cl/c1-2-3/h2H2,1H3",0.0,2.0,3.0,0.0,0.0,1.09700000286102,0.0,1.57000005245209,1.39800000190735,0.0,1.20340895652771,15.6061000823975,2.0,0.0,8.0
"InChI=1S/C2H5N/c1-2-3-1/h3H,1-2H2",0.0,3.0,0.0,0.0,0.0,-0.397199988365173,0.0,1.57000005245209,-0.386000007390976,0.0,0.157767847180367,12.7243995666504,0.0,1.0,8.0
"InChI=1S/C2H5N3O2/c1-5(4-7)2(3)6/h1H3,(H2,3,6)",6.0,6.0,7.0,0.0,0.0,0.425300002098083,2.0,1.12999999523163,-0.149000003933907,0.0,0.180880084633827,22.8313007354736,0.0,2.0,12.0
"InChI=1S/C2H5N5O3/c1-6(5-8)2(3)4-7(9)10/h1H3,(H2,3,4)",9.0,9.0,10.0,0.0,0.0,-0.0163000002503395,4.0,0.800000011920929,0.47299998998642,0.0,0.00026569000328891,25.9393005371094,0.0,2.0,15.0
"InChI=1S/C2H5NO/c1-2(3)4/h1H3,(H2,3,4)",3.0,3.0,4.0,0.0,0.0,-0.0716999992728233,0.0,1.46000003814697,0.32600000500679,0.0,0.00514088990166783,13.9007997512817,2.0,2.0,9.0
"InChI=1S/C2H5NS/c1-2(3)4/h1H3,(H2,3,4)",2.0,3.0,4.0,0.0,0.0,0.555599987506866,0.0,1.46000003814697,0.742999970912933,0.0,0.30869135260582,20.3145999908447,2.0,1.0,9.0
"InChI=1S/C2H6N2O/c1-2(5)4-3/h3H2,1H3,(H,4,5)",4.0,4.0,5.0,0.0,0.0,-0.667200028896332,0.0,1.35000002384186,-0.397000014781952,0.0,0.445155829191208,19.1849002838135,2.0,2.0,11.0
"InChI=1S/C2H6N2O/c1-4(3)2-5/h2H,3H2,1H3",4.0,4.0,5.0,0.0,0.0,-1.19690001010895,1.0,1.35000002384186,-1.62999999523163,0.0,1.43256962299347,19.7747001647949,0.0,1.0,11.0
"InChI=1S/C2H6O3S/c1-5-6(2,3)4/h1-2H3",4.0,5.0,6.0,0.0,0.0,-0.188199996948242,1.0,1.24000000953674,-0.869000017642975,0.0,0.0354192405939102,21.3852005004883,0.0,0.0,12.0
"InChI=1S/C2H8N2/c1-2-4-3/h4H,2-3H2,1H3",2.0,3.0,4.0,0.0,0.0,-0.6632000207901,1.0,1.46000003814697,-0.367000013589859,0.0,0.439834237098694,18.5746002197266,2.0,,12.0
"InChI=1S/C2H8N2/c1-3-4-2/h3-4H,1-2H3",2.0,3.0,4.0,0.0,0.0,-0.63620001077652,1.0,1.46000003814697,0.583999991416931,0.0,0.404750436544418,17.9934005737305,0.0,,12.0
"InChI=1S/C2H8N2/c1-4(2)3/h3H2,1-2H3",2.0,3.0,4.0,0.0,0.0,-0.377700001001358,0.0,1.46000003814697,-1.38499999046326,0.0,0.142657294869423,19.5755004882812,0.0,1.0,12.0
"InChI=1S/C2H8N2O/c3-4-1-2-5/h4-5H,1-3H2",2.0,4.0,5.0,0.0,0.0,-1.45299994945526,2.0,1.35000002384186,-1.49899995326996,0.0,2.11120891571045,20.5730991363525,2.0,3.0,13.0
"InChI=1S/C2HCl3O2/c3-2(4,5)1(6)7/h(H,6,7)",3.0,6.0,7.0,0.0,0.0,1.44840002059937,1.0,1.12999999523163,1.02999997138977,0.0,2.09786248207092,28.1583003997803,2.0,1.0,8.0
"InChI=1S/C2HCl5/c3-1(4)2(5,6)7/h1H",0.0,6.0,7.0,0.0,0.0,2.88779997825623,1.0,1.12999999523163,3.22900009155273,0.0,8.33938884735107,36.3208999633789,2.0,0.0,8.0
"InChI=1S/C30H22O12/c1-5-3-7(31)9-11(19(5)33)27(41)29-13-14-24(38)17(29)26(40)16-22(36)10-8(32)4-6(2)20(34)12(10)28(42)30(14,16)18(23(13)37)25(39)15(29)21(9)35/h3-4,13-14,17-18,23-24,31-38H,1-2H3",15.0,49.0,0.0,12.0,12.0,-4.31319999694824,0.0,3.44000005722046,-3.10199999809265,1.0,18.6036949157715,95.6095962524414,0.0,,64.0
"InChI=1S/C32H24N6O16S4/c33-19-11-17(55(43,44)45)5-15-9-25(57(49,50)51)29(31(41)27(15)19)37-35-21-3-1-13(7-23(21)39)14-2-4-22(24(40)8-14)36-38-30-26(58(52,53)54)10-16-6-18(56(46,47)48)12-20(34)28(16)32(30)42/h1-12,35-36,39-40H,33-34H2,(H,43,44,45)(H,46,47,48)(H,49,50,51)(H,52,53,54)",58.0,63.0,3.0,24.0,24.0,-6.12400007247925,9.0,2.11999988555908,0.0160000007599592,2.0,37.5033760070801,107.041801452637,0.0,,82.0
"InChI=1S/C33H40N2O9/c1-38-19-7-8-20-21-9-10-35-16-18-13-27(44-32(36)17-11-25(39-2)30(41-4)26(12-17)40-3)31(42-5)28(33(37)43-6)22(18)15-24(35)29(21)34-23(20)14-19/h7-8,11-12,14,18,22,24,27-28,31,34H,9-10,13,15-16H2,1-6H3",12.0,49.0,4.0,12.0,16.0,-0.443800002336502,10.0,3.88000011444092,2.89499998092651,0.0,0.196958437561989,99.9578018188477,0.0,1.0,83.0
"InChI=1S/C34H27N9O7S2/c35-22-10-15-27(26(36)18-22)41-38-24-11-6-19(7-12-24)20-8-13-25(14-9-20)40-42-32-28(51(45,46)47)16-21-17-29(52(48,49)50)33(34(44)30(21)31(32)37)43-39-23-4-2-1-3-5-23/h1-18,39H,35-37H2,(H,45,46,47)(H,48,49,50)",52.0,57.0,3.0,30.0,30.0,-4.10150003433228,9.0,3.22000002861023,7.25899982452393,3.0,16.822301864624,59.4005012512207,0.0,,79.0
"InChI=1S/C34H59NO15/c1-5-6-9-20(3)32(50-31(44)17-23(34(47)48)15-29(41)42)27(49-30(43)16-22(33(45)46)14-28(39)40)13-19(2)12-24(36)10-7-8-11-25(37)18-26(38)21(4)35/h19-27,32,36-38H,5-18,35H2,1-4H3,(H,39,40)(H,41,42)(H,45,46)(H,47,48)",3.0,49.0,50.0,0.0,0.0,-4.60459995269775,31.0,3.44000005722046,1.73099994659424,3.0,21.2023410797119,161.808502197266,20.0,8.0,109.0
"InChI=1S/C39H59Cl2NO2/c1-27(2)7-6-8-28(3)34-15-16-35-33-14-11-30-26-32(17-19-38(30,4)36(33)18-20-39(34,35)5)44-37(43)25-29-9-12-31(13-10-29)42(23-21-40)24-22-41/h9-13,27-28,32-36H,6-8,14-26H2,1-5H3",7.0,48.0,8.0,6.0,6.0,3.50699996948242,14.0,5.19999980926514,14.4919996261597,2.0,12.2990493774414,156.428894042969,7.0,0.0,103.0
"InChI=1S/C3H10N2/c1-2-3-5-4/h5H,2-4H2,1H3",2.0,4.0,5.0,0.0,0.0,-1.24100005626678,2.0,1.57000005245209,-0.00899999961256981,0.0,1.54008102416992,22.1065998077393,3.0,,15.0
"InChI=1S/C3H3N/c1-2-3-4/h2H,1H2",4.0,3.0,4.0,0.0,0.0,0.635500013828278,0.0,1.67999994754791,0.319999992847443,0.0,0.403860241174698,16.2707004547119,3.0,0.0,7.0
"InChI=1S/C3H4Cl2/c4-2-1-3-5/h1-2H,3H2",2.0,4.0,5.0,0.0,0.0,1.51820003986359,1.0,1.57000005245209,2.09899997711182,0.0,2.30493116378784,25.2765998840332,3.0,0.0,9.0
"InChI=1S/C3H5Br2Cl/c4-1-3(5)2-6/h3H,1-2H2",0.0,5.0,6.0,0.0,0.0,2.49469995498657,2.0,1.46000003814697,3.0550000667572,0.0,6.2235279083252,35.636100769043,3.0,0.0,11.0
"InChI=1S/C3H5Cl/c1-2-3-4/h2-3H,1H3",2.0,3.0,4.0,0.0,0.0,1.20179998874664,0.0,1.67999994754791,1.86199998855591,0.0,1.44432318210602,20.6812992095947,3.0,0.0,9.0
"InChI=1S/C3H5Cl3/c4-1-3(6)2-5/h3H,1-2H2",0.0,5.0,6.0,0.0,0.0,2.2056999206543,2.0,1.46000003814697,2.37899994850159,0.0,4.8651123046875,29.6690998077393,3.0,0.0,11.0
"InChI=1S/C3H5ClO/c1-3(4)2-5/h2-3H,1H3",1.0,4.0,5.0,0.0,0.0,0.446099996566772,1.0,1.57000005245209,0.864000022411346,0.0,0.199005216360092,21.1310005187988,3.0,0.0,10.0
"InChI=1S/C3H5NO2/c1-2-6-3(4)5/h2H,1H2,(H2,4,5)",6.0,5.0,6.0,0.0,0.0,0.655700027942657,2.0,1.46000003814697,0.949999988079071,0.0,0.429942488670349,19.2166004180908,0.0,2.0,11.0
"InChI=1S/C3H6Cl2/c1-3(5)2-4/h3H,2H2,1H3",0.0,4.0,5.0,0.0,0.0,1.50109994411469,1.0,1.57000005245209,2.03699994087219,0.0,2.25330114364624,25.2399997711182,3.0,0.0,11.0
"InChI=1S/C3H6N2S/c6-3-4-1-2-5-3/h1-2H2,(H2,4,5,6)",3.0,6.0,0.0,0.0,0.0,0.351799994707108,0.0,1.46000003814697,0.122000001370907,0.0,0.123763240873814,26.6289005279541,0.0,1.0,12.0
"InChI=1S/C3H6O/c1-3-2-4-3/h3H,2H2,1H3",0.0,4.0,0.0,0.0,0.0,-0.141599997878075,0.0,1.67999994754791,0.270000010728836,0.0,0.0200505591928959,15.6279001235962,0.0,0.0,10.0
"InChI=1S/C3H6O2/c4-1-3-2-5-3/h3-4H,1-2H2",0.0,5.0,2.0,0.0,0.0,-0.641600012779236,1.0,1.57000005245209,-0.861999988555908,0.0,0.411650568246841,17.0060005187988,0.0,1.0,11.0
"InChI=1S/C3H7N3O3/c4-3(8)6(5-9)1-2-7/h7H,1-2H2,(H2,4,8)",6.0,8.0,9.0,0.0,0.0,-0.114100001752377,4.0,1.12999999523163,-0.857999980449677,0.0,0.0130188101902604,29.1236000061035,2.0,3.0,16.0
"InChI=1S/C3H7N5O3/c1-2-5-3(4)7(6-9)8(10)11/h2H2,1H3,(H2,4,5)",9.0,10.0,11.0,0.0,0.0,0.234099999070168,5.0,0.910000026226044,0.737999975681305,0.0,0.0548028089106083,30.2331008911133,2.0,,18.0
"InChI=1S/C3H7NO2/c1-2-6-3(4)5/h2H2,1H3,(H2,4,5)",4.0,5.0,6.0,0.0,0.0,0.821900010108948,2.0,1.46000003814697,0.920000016689301,0.0,0.675519585609436,19.8181991577148,2.0,2.0,13.0
"InChI=1S/C3H8N2/c1-2-3-5-4/h2,5H,1,3-4H2",2.0,4.0,5.0,0.0,0.0,-0.29679998755455,2.0,1.57000005245209,-0.174999997019768,0.0,0.0880902409553528,23.4435005187988,3.0,,13.0
"InChI=1S/C3H8N2O/c1-2-5(4)3-6/h3H,2,4H2,1H3",4.0,5.0,6.0,0.0,0.0,-0.94650000333786,2.0,1.46000003814697,-1.20700001716614,0.0,0.895862221717834,24.0685005187988,2.0,1.0,14.0
"InChI=1S/C3H9O4P/c1-5-8(4,6-2)7-3/h1-3H3",5.0,7.0,8.0,0.0,0.0,0.208199992775917,3.0,1.24000000953674,-0.689999997615814,0.0,0.0433472394943237,28.0988006591797,0.0,0.0,17.0
"InChI=1S/C42H50Cl4N2O4/c1-42-17-16-36-35-13-11-34(51-40(49)26-29-2-7-32(8-3-29)47(22-18-43)23-19-44)28-31(35)6-12-37(36)38(42)14-15-39(42)52-41(50)27-30-4-9-33(10-5-30)48(24-20-45)25-21-46/h2-5,7-11,13,28,36-39H,6,12,14-27H2,1H3",9.0,57.0,7.0,18.0,18.0,3.43449997901917,18.0,4.98000001907349,12.5939998626709,2.0,11.7957906723022,135.104705810547,2.0,0.0,102.0
"InChI=1S/C43H58N4O12/c1-21-12-11-13-22(2)42(55)45-33-28(20-44-47-17-15-46(9)16-18-47)37(52)30-31(38(33)53)36(51)26(6)40-32(30)41(54)43(8,59-40)57-19-14-29(56-10)23(3)39(58-27(7)48)25(5)35(50)24(4)34(21)49/h11-14,19-21,23-25,29,34-35,39,44,49-51,53H,15-18H2,1-10H3,(H,45,55)",26.0,63.0,4.0,6.0,6.0,-1.09340000152588,5.0,4.42999982833862,1.76400005817413,2.0,1.1955235004425,198.279495239258,0.0,,117.0
"InChI=1S/C4H10N2O/c1-2-3-6(5)4-7/h4H,2-3,5H2,1H3",4.0,6.0,7.0,0.0,0.0,-1.5242999792099,3.0,1.57000005245209,-0.848999977111816,0.0,2.32349038124084,27.6005001068115,3.0,1.0,17.0
"InChI=1S/C4H10O/c1-4(2,3)5/h5H,1-3H3",0.0,4.0,5.0,0.0,0.0,0.573300004005432,0.0,1.78999996185303,0.800999999046326,0.0,0.328672885894775,22.0650997161865,3.0,1.0,15.0
"InChI=1S/C4H12N2/c1-2-3-4-6-5/h6H,2-5H2,1H3",2.0,5.0,6.0,0.0,0.0,-1.52900004386902,3.0,1.67999994754791,0.560000002384186,0.0,2.33784103393555,25.0181999206543,4.0,,18.0
"InChI=1S/C4H3FN2O2/c5-2-1-6-4(9)7-3(2)8/h1H,(H2,6,7,8,9)",8.0,9.0,0.0,6.0,6.0,-0.4408999979496,0.0,1.35000002384186,-0.503000020980835,0.0,0.194392815232277,6.00169992446899,0.0,2.0,12.0
"InChI=1S/C4H4N2O2/c7-3-1-2-5-4(8)6-3/h1-2H,(H2,5,6,7,8)",8.0,8.0,0.0,6.0,6.0,-0.92059999704361,0.0,1.46000003814697,-0.462000012397766,0.0,0.847504377365112,5.12919998168945,0.0,2.0,12.0
"InChI=1S/C4H4N2OS/c7-3-1-2-5-4(8)6-3/h1-2H,(H2,5,6,7,8)",7.0,8.0,0.0,6.0,6.0,0.0507000014185905,0.0,1.46000003814697,0.428999990224838,0.0,0.00257048988714814,11.256199836731,0.0,1.0,12.0
"InChI=1S/C4H5Cl/c1-3-4(2)5/h3H,1-2H2",4.0,4.0,5.0,0.0,0.0,1.78369998931885,1.0,1.78999996185303,1.68900001049042,0.0,3.18158578872681,25.0105991363525,4.0,0.0,10.0
"InChI=1S/C4H6/c1-3-4-2/h3-4H,1-2H2",4.0,3.0,4.0,0.0,0.0,1.41499996185303,1.0,1.89999997615814,1.9559999704361,0.0,2.00222492218018,20.2943992614746,4.0,0.0,10.0
"InChI=1S/C4H6Cl2/c5-3-1-2-4-6/h1-2H,3-4H2",2.0,5.0,6.0,0.0,0.0,1.97959995269775,2.0,1.67999994754791,1.94000005722046,0.0,3.91881608963013,30.9741992950439,4.0,0.0,12.0
"InChI=1S/C4H6N2/c1-4-5-2-3-6-4/h2-3H,1H3,(H,5,6)",0.0,6.0,0.0,0.0,5.0,0.0513000003993511,0.0,1.67999994754791,0.535000026226044,0.0,0.00263168988749385,5.89870023727417,0.0,2.0,11.0
"InChI=1S/C4H6O2/c1-3-6-4(2)5/h3H,1H2,2H3",5.0,5.0,6.0,0.0,0.0,0.10530000180006,2.0,1.67999994754791,0.694000005722046,0.0,0.0110880900174379,21.1049995422363,2.0,0.0,12.0
"InChI=1S/C4H7Cl/c1-4(2)3-5/h1,3H2,2H3",2.0,4.0,5.0,0.0,0.0,1.90980005264282,1.0,1.78999996185303,1.24100005626678,0.0,3.64733600616455,24.7569999694824,3.0,0.0,12.0
"InChI=1S/C4H7Cl/c1-4(2)3-5/h3H,1-2H3",2.0,4.0,5.0,0.0,0.0,1.8507000207901,0.0,1.78999996185303,1.71300005912781,0.0,3.42509055137634,24.7329006195068,3.0,0.0,12.0
"InChI=1S/C4H7Cl2O4P/c1-8-11(7,9-2)10-3-4(5)6/h3H,1-2H3",7.0,10.0,11.0,0.0,0.0,1.03320002555847,4.0,1.12999999523163,1.20700001716614,0.0,1.06750226020813,42.2757987976074,2.0,0.0,18.0
"InChI=1S/C4H7NO2/c1-2-4(7)5-3-6/h2,6H,1,3H2,(H,5,7)",5.0,6.0,7.0,0.0,0.0,-1.04579997062683,2.0,1.57000005245209,-0.151999995112419,0.0,1.09369766712189,25.4099998474121,3.0,2.0,14.0
"InChI=1S/C4H8N2O/c1-3-5-6(2)4-7/h3-4H,1-2H3",5.0,6.0,7.0,0.0,0.0,-0.625699996948242,2.0,1.57000005245209,0.550999999046326,0.0,0.391500502824783,27.4659996032715,2.0,0.0,15.0
"InChI=1S/C4H9NO/c1-3-4(2)5-6/h6H,3H2,1-2H3",3.0,5.0,6.0,0.0,0.0,-0.125900000333786,1.0,1.67999994754791,0.680999994277954,0.0,0.0158508103340864,24.7532005310059,4.0,1.0,15.0
"InChI=1S/C4H9NO2/c1-4(2)3-7-5-6/h4H,3H2,1-2H3",3.0,6.0,7.0,0.0,0.0,-1.46490001678467,3.0,1.57000005245209,1.92999994754791,0.0,2.14593195915222,25.7915000915527,3.0,0.0,16.0
"InChI=1S/C5H10Br2O2/c6-1-5(2-7,3-8)4-9/h8-9H,1-4H2",0.0,8.0,9.0,0.0,0.0,0.533599972724915,4.0,1.57000005245209,1.20200002193451,0.0,0.284728974103928,43.7966995239258,3.0,2.0,19.0
"InChI=1S/C5H12N2O/c1-2-3-4-7(6)5-8/h5H,2-4,6H2,1H3",4.0,7.0,8.0,0.0,0.0,-1.81229996681213,4.0,1.67999994754791,-0.280000001192093,0.0,3.28443121910095,30.5121002197266,4.0,1.0,20.0
"InChI=1S/C5H12O/c1-5(2,3)6-4/h1-4H3",0.0,5.0,6.0,0.0,0.0,0.981800019741058,1.0,1.89999997615814,1.32000005245209,0.0,0.963931262493134,26.8162994384766,0.0,0.0,18.0
"InChI=1S/C5H14N2/c1-2-3-4-5-7-6/h7H,2-6H2,1H3",2.0,6.0,7.0,0.0,0.0,-1.81700003147125,4.0,1.78999996185303,1.12899994850159,0.0,3.30148911476135,27.9298000335693,5.0,,21.0
"InChI=1S/C5H6O2/c6-4-5-2-1-3-7-5/h1-3,6H,4H2",5.0,7.0,2.0,5.0,5.0,-0.602800011634827,1.0,1.78999996185303,0.382999986410141,0.0,0.363367825746536,8.89589977264404,0.0,1.0,13.0
"InChI=1S/C5H8/c1-4-5(2)3/h4H,1-2H2,3H3",4.0,4.0,5.0,0.0,0.0,1.8614000082016,1.0,2.00999999046326,2.34800004959106,0.0,3.46480989456177,24.5764007568359,4.0,0.0,13.0
"InChI=1S/C5H8O2/c1-3-5(6)7-4-2/h3H,1,4H2,2H3",5.0,6.0,7.0,0.0,0.0,0.862399995326996,3.0,1.78999996185303,0.955999970436096,0.0,0.743733763694763,26.3542995452881,3.0,0.0,15.0
"InChI=1S/C5H9NO/c1-6-4-2-3-5(6)7/h2-4H2,1H3",3.0,7.0,0.0,0.0,0.0,-0.774100005626678,0.0,1.78999996185303,-0.170000001788139,0.0,0.599230825901031,25.3111991882324,0.0,0.0,16.0
"InChI=1S/C6H10N3O6P/c1-5-7-4-6(9(10)11)8(5)2-3-15-16(12,13)14/h4H,2-3H2,1H3,(H2,12,13,14)",8.0,16.0,7.0,5.0,5.0,-0.354999989271164,5.0,1.01999998092651,-1.21200001239777,0.0,0.126025006175041,33.9707984924316,2.0,,26.0
"InChI=1S/C6H10N6O/c1-12(2)11-10-6-4(5(7)13)8-3-9-6/h3H,1-2H3,(H2,7,13)(H,8,9)",3.0,13.0,5.0,0.0,5.0,-0.520699977874756,3.0,1.35000002384186,-1.77999997138977,0.0,0.271128475666046,26.0491008758545,0.0,3.0,22.0
"InChI=1S/C6H10O2/c1-2-3-7-4-6-5-8-6/h2,6H,1,3-5H2",2.0,8.0,5.0,0.0,0.0,0.383700013160706,4.0,1.89999997615814,0.272000014781952,0.0,0.147225692868233,30.919900894165,3.0,0.0,18.0
"InChI=1S/C6H11Cl3O3/c7-3-10-1-6(12-5-9)2-11-4-8/h6H,1-5H2",0.0,11.0,12.0,0.0,0.0,1.12810003757477,8.0,1.46000003814697,0.898000001907349,0.0,1.27260959148407,48.6879005432129,3.0,0.0,23.0
"InChI=1S/C6H11IO3/c1-4(7)6-9-3-5(2-8)10-6/h4-6,8H,2-3H2,1H3",0.0,10.0,2.0,0.0,0.0,0.757499992847443,2.0,1.67999994754791,0.722000002861023,0.0,0.57380622625351,45.0453987121582,0.0,1.0,21.0
"InChI=1S/C6H11N2O4PS3/c1-10-5-7-8(6(9)16-5)4-15-13(14,11-2)12-3/h4H2,1-3H3",4.0,16.0,8.0,0.0,0.0,2.28909993171692,6.0,1.01999998092651,1.46399998664856,0.0,5.2399787902832,70.3099975585938,0.0,1.0,29.0
"InChI=1S/C6H11NO2/c1-3-5-6(4-2)7(8)9/h5H,3-4H2,1-2H3",5.0,8.0,9.0,0.0,0.0,-0.499000012874603,3.0,1.78999996185303,2.0699999332428,0.0,0.249000996351242,30.1527004241943,6.0,0.0,20.0
"InChI=1S/C6H12Br2O4/c7-1-3(9)5(11)6(12)4(10)2-8/h3-6,9-12H,1-2H2",0.0,11.0,12.0,0.0,0.0,-0.241999998688698,5.0,1.46000003814697,-0.272000014781952,0.0,0.0585639998316765,50.472599029541,6.0,4.0,24.0
"InChI=1S/C6H12Cl2O/c1-5(3-7)9-6(2)4-8/h5-6H,3-4H2,1-2H3",0.0,8.0,9.0,0.0,0.0,1.35950005054474,4.0,1.78999996185303,2.47000002861023,0.0,1.84824025630951,40.8679008483887,3.0,0.0,21.0
"InChI=1S/C6H12Cl3O4P/c7-1-4-11-14(10,12-5-2-8)13-6-3-9/h1-6H2",5.0,13.0,14.0,0.0,0.0,2.20379996299744,9.0,1.24000000953674,1.60500001907349,0.0,4.85673427581787,56.1287002563477,2.0,0.0,26.0
"InChI=1S/C6H12N2/c1-3-5-7-8-6-4-2/h3-4,7-8H,1-2,5-6H2",2.0,7.0,8.0,0.0,0.0,0.597400009632111,5.0,1.89999997615814,1.81400001049042,0.0,0.356886774301529,36.3188018798828,3.0,,20.0
"InChI=1S/C6H12N2/c1-3-5-8(7)6-4-2/h3-4H,1-2,5-7H2",2.0,7.0,8.0,0.0,0.0,0.85589998960495,4.0,1.89999997615814,-0.155000001192093,0.0,0.732564806938171,37.9009017944336,3.0,1.0,20.0
"InChI=1S/C6H12N2O3/c1-8(2)7-5(9)3-4-6(10)11/h3-4H2,1-2H3,(H,7,9)(H,10,11)",4.0,10.0,11.0,0.0,0.0,-0.034000001847744,4.0,1.57000005245209,-0.247999995946884,0.0,0.00115599995478988,39.0854988098145,4.0,2.0,23.0
"InChI=1S/C6H12N3PS/c11-10(7-1-2-7,8-3-4-8)9-5-6-9/h1-6H2",5.0,13.0,2.0,0.0,0.0,-0.761099994182587,3.0,1.57000005245209,0.759999990463257,0.0,0.579273223876953,50.7221984863281,0.0,0.0,23.0
"InChI=1S/C6H13NO/c1-2-3-4-5-6(7)8/h2-5H2,1H3,(H2,7,8)",3.0,7.0,8.0,0.0,0.0,-0.859499990940094,4.0,1.89999997615814,2.28600001335144,0.0,0.738740265369415,27.6590995788574,6.0,2.0,21.0
"InChI=1S/C6H13NO2S/c1-2-10-4-3-5(7)6(8)9/h5H,2-4,7H2,1H3,(H,8,9)",3.0,9.0,10.0,0.0,0.0,-0.479900002479553,5.0,1.67999994754791,-1.49500000476837,0.0,0.230304002761841,40.1720008850098,4.0,2.0,23.0
"InChI=1S/C6H13NO3S/c8-11(9,10)7-6-4-2-1-3-5-6/h6-7H,1-5H2,(H,8,9,10)",5.0,11.0,5.0,0.0,0.0,-2.54320001602173,2.0,1.57000005245209,0.319000005722046,0.0,6.46786642074585,31.3752994537354,0.0,,24.0
"InChI=1S/C6H14O2/c1-2-3-5-8-6-4-7/h7H,2-6H2,1H3",0.0,7.0,8.0,0.0,0.0,-1.10430002212524,5.0,1.89999997615814,0.66100001335144,0.0,1.21947848796844,30.042200088501,4.0,1.0,22.0
"InChI=1S/C6H15NO3/c8-4-1-7(2-5-9)3-6-10/h8-10H,1-6H2",0.0,9.0,10.0,0.0,0.0,-1.29809999465942,6.0,1.67999994754791,-2.06399989128113,0.0,1.68506360054016,38.8650016784668,2.0,3.0,25.0
"InChI=1S/C6H3Cl3O/c7-3-1-4(8)6(10)5(9)2-3/h1-2,10H",7.0,10.0,0.0,6.0,6.0,1.77260005474091,0.0,1.67999994754791,2.12100005149841,0.0,3.14211082458496,19.4113998413086,0.0,1.0,13.0
"InChI=1S/C6H4Cl3N/c7-3-1-4(8)6(10)5(9)2-3/h1-2H,10H2",7.0,10.0,0.0,6.0,6.0,1.48300004005432,0.0,1.67999994754791,2.05399990081787,0.0,2.19928908348083,21.0688991546631,0.0,1.0,14.0
"InChI=1S/C6H6Cl2N2/c7-4-1-3(9)2-5(8)6(4)10/h1-2H,9-10H2",8.0,10.0,0.0,6.0,6.0,-0.0111999996006489,0.0,1.67999994754791,0.927999973297119,0.0,0.000125439997646026,19.6753997802734,0.0,2.0,16.0
"InChI=1S/C6H6ClN/c7-4-6-2-1-3-8-5-6/h1-3,5H,4H2",6.0,8.0,2.0,6.0,6.0,0.755900025367737,1.0,1.89999997615814,1.85399997234344,0.0,0.571384787559509,10.3277997970581,0.0,,14.0
"InChI=1S/C6H6ClN/c7-5-1-3-6(8)4-2-5/h1-4H,8H2",7.0,8.0,0.0,6.0,6.0,-0.00559999980032444,0.0,1.89999997615814,1.86199998855591,0.0,3.13599994115066e-05,9.83769989013672,0.0,1.0,14.0
"InChI=1S/C6H6N4O4/c7-6(11)9-8-3-4-1-2-5(14-4)10(12)13/h1-3H,(H3,7,9,11)",14.0,14.0,6.0,5.0,5.0,-0.309399992227554,4.0,1.24000000953674,2.30399990081787,0.0,0.0957283601164818,23.0333995819092,0.0,3.0,20.0
"InChI=1S/C6H6N6O/c1-12(11-13)6-4-5(8-2-7-4)9-3-10-6/h2-3H,1H3,(H,7,8,9,10)",11.0,14.0,4.0,6.0,10.0,-0.0115000000223517,2.0,1.35000002384186,-0.261000007390976,0.0,0.000132250002934597,14.3537998199463,0.0,2.0,18.0
"InChI=1S/C6H6O2/c7-5-1-2-6(8)4-3-5/h1-4,7-8H",8.0,8.0,0.0,6.0,6.0,-0.92059999704361,0.0,1.89999997615814,0.870000004768372,0.0,0.847504377365112,5.12919998168945,0.0,2.0,14.0
"InChI=1S/C6H6O2/c7-5-3-1-2-4-6(5)8/h1-4,7-8H",8.0,8.0,0.0,6.0,6.0,-0.92059999704361,0.0,1.89999997615814,1.29900002479553,0.0,0.847504377365112,5.12919998168945,0.0,2.0,14.0
"InChI=1S/C6H6O4/c7-2-4-1-5(8)6(9)3-10-4/h1,3,7,9H,2H2",1.0,10.0,2.0,0.0,0.0,-1.48800003528595,1.0,1.67999994754791,-1.56200003623962,0.0,2.21414399147034,32.7886009216309,0.0,2.0,20.0
"InChI=1S/C6H7ClN2/c7-4-1-2-5(8)6(9)3-4/h1-3H,8-9H2",8.0,9.0,0.0,6.0,6.0,-0.755500018596649,0.0,1.78999996185303,0.832000017166138,0.0,0.570780277252197,14.0598001480103,0.0,2.0,16.0
"InChI=1S/C6H7ClN2/c7-5-2-1-4(8)3-6(5)9/h1-3H,8-9H2",8.0,9.0,0.0,6.0,6.0,-0.755500018596649,0.0,1.78999996185303,0.832000017166138,0.0,0.570780277252197,14.0598001480103,0.0,2.0,16.0
"InChI=1S/C6H7N3O/c7-9-6(10)5-1-3-8-4-2-5/h1-4H,7H2,(H,9,10)",10.0,10.0,4.0,6.0,6.0,-1.230299949646,2.0,1.67999994754791,-0.570999979972839,0.0,1.51363813877106,12.7256002426147,0.0,2.0,17.0
"InChI=1S/C6H7N3O/c7-9-6(10)5-2-1-3-8-4-5/h1-4H,7H2,(H,9,10)",10.0,10.0,4.0,6.0,6.0,-0.677100002765656,1.0,1.67999994754791,0.319999992847443,0.0,0.458464413881302,13.7604999542236,0.0,2.0,17.0
"InChI=1S/C6H7N3O2/c7-4-1-2-5(8)6(3-4)9(10)11/h1-3H,7-8H2",11.0,11.0,2.0,6.0,6.0,-1.54639995098114,1.0,1.57000005245209,1.48099994659424,0.0,2.391352891922,11.3299999237061,0.0,2.0,18.0
"InChI=1S/C6H8N2/c7-5-3-1-2-4-6(5)8/h1-4H,7-8H2",8.0,8.0,0.0,6.0,6.0,-1.49979996681213,0.0,1.89999997615814,0.736000001430511,0.0,2.24940013885498,8.44419956207275,0.0,,16.0
"InChI=1S/C6H8N2/c7-8-6-4-2-1-3-5-6/h1-5,8H,7H2",8.0,8.0,2.0,6.0,6.0,-1.01590001583099,1.0,1.89999997615814,1.75300002098083,0.0,1.03205275535583,8.58409976959229,0.0,2.0,16.0
"InChI=1S/C6H8N2O/c7-4-1-2-6(9)5(8)3-4/h1-3,9H,7-8H2",9.0,9.0,0.0,6.0,6.0,-1.96010005474091,0.0,1.78999996185303,0.202000007033348,0.0,3.84199190139771,11.0087995529175,0.0,,17.0
"InChI=1S/C6H8N4O3S/c1-2-7-5(11)9-6-8-3-4(14-6)10(12)13/h3H,2H2,1H3,(H2,7,8,9,11)",12.0,14.0,6.0,5.0,5.0,0.59799998998642,4.0,1.24000000953674,1.09899997711182,0.0,0.357603996992111,31.4605007171631,2.0,3.0,22.0
"InChI=1S/C6H8O/c1-2-3-4-5-6-7/h2-6H,1H3",6.0,6.0,7.0,0.0,0.0,1.07599997520447,2.0,2.00999999046326,1.5110000371933,0.0,1.15777599811554,32.5885009765625,6.0,,15.0
"InChI=1S/C6H9NO6/c8-4(9)1-7(2-5(10)11)3-6(12)13/h1-3H2,(H,8,9)(H,10,11)(H,12,13)",3.0,12.0,13.0,0.0,0.0,-1.31159996986389,6.0,1.35000002384186,-1.79100000858307,0.0,1.72029459476471,38.2419013977051,2.0,3.0,22.0
"InChI=1S/C7H10N2/c1-5-2-3-6(8)4-7(5)9/h2-4H,8-9H2,1H3",8.0,9.0,0.0,6.0,6.0,-0.857800006866455,0.0,2.00999999046326,0.84799998998642,0.0,0.735820829868317,13.9462995529175,0.0,2.0,19.0
"InChI=1S/C7H10N2/c8-9-6-7-4-2-1-3-5-7/h1-5,9H,6,8H2",6.0,9.0,3.0,6.0,6.0,-1.00429999828339,2.0,2.00999999046326,2.11800003051758,0.0,1.00861847400665,13.2962999343872,0.0,,19.0
"InChI=1S/C7H10N2O/c1-10-7-3-2-5(8)4-6(7)9/h2-4H,8-9H2,1H3",9.0,10.0,2.0,6.0,6.0,-1.55159997940063,1.0,1.89999997615814,0.291999995708466,0.0,2.40746259689331,15.7600002288818,0.0,,20.0
"InChI=1S/C7H10N2OS/c1-2-3-5-4-6(10)9-7(11)8-5/h4H,2-3H2,1H3,(H2,8,9,10,11)",7.0,11.0,3.0,6.0,6.0,0.0696000009775162,2.0,1.78999996185303,1.85300004482269,0.0,0.00484415981918573,24.5182991027832,3.0,1.0,21.0
"InChI=1S/C7H14N2O/c1-3-4-5-6-8-9(2)7-10/h6-7H,3-5H2,1-2H3",5.0,9.0,10.0,0.0,0.0,-1.12549996376038,5.0,1.89999997615814,1.94200003147125,0.0,1.26675021648407,38.3126983642578,5.0,0.0,24.0
"InChI=1S/C7H14N2O/c1-7(2)4-5-8-9(3)6-10/h5-7H,4H2,1-3H3",5.0,9.0,10.0,0.0,0.0,-0.0278999991714954,4.0,1.89999997615814,1.88100004196167,0.0,0.000778410001657903,40.8586006164551,4.0,0.0,24.0
"InChI=1S/C7H15Cl2N2O2P/c8-2-4-10-14(12)11(6-3-9)5-1-7-13-14/h1-7H2,(H,10,12)",5.0,14.0,4.0,0.0,0.0,0.0841000005602837,5.0,1.46000003814697,0.834999978542328,0.0,0.0070728100836277,55.7243003845215,2.0,1.0,29.0
"InChI=1S/C7H15Cl2N2O2P/c8-2-5-11(6-3-9)14(12)10-4-1-7-13-14/h1-7H2,(H,10,12)",5.0,14.0,7.0,0.0,0.0,0.0841000005602837,5.0,1.46000003814697,0.834999978542328,0.0,0.0070728100836277,55.7243003845215,2.0,1.0,29.0
"InChI=1S/C7H16O2/c1-6(8)5-9-7(2,3)4/h6,8H,5H2,1-4H3",0.0,8.0,9.0,0.0,0.0,0.431699991226196,3.0,2.00999999046326,1.07099997997284,0.0,0.186364889144897,37.693000793457,3.0,1.0,25.0
"InChI=1S/C7H5Cl2NO2/c8-3-1-4(7(11)12)6(9)5(10)2-3/h1-2H,10H2,(H,11,12)",10.0,12.0,2.0,6.0,6.0,0.49889999628067,1.0,1.67999994754791,1.19500005245209,0.0,0.248901203274727,22.6725997924805,0.0,2.0,17.0
"InChI=1S/C7H5Cl3/c8-7(9,10)6-4-2-1-3-5-6/h1-5H",6.0,10.0,4.0,6.0,6.0,1.68819999694824,1.0,1.89999997615814,4.9539999961853,0.0,2.85001921653748,20.9389991760254,0.0,0.0,15.0
"InChI=1S/C7H5N3O2/c11-10(12)5-1-2-6-7(3-5)9-4-8-6/h1-4H,(H,8,9)",11.0,13.0,3.0,6.0,10.0,-0.0465999990701675,1.0,1.67999994754791,1.69200003147125,0.0,0.00217155995778739,2.88579988479614,0.0,2.0,16.0
"InChI=1S/C7H5N3O3S/c8-7-9-4(3-14-7)5-1-2-6(13-5)10(11)12/h1-3H,(H2,8,9)",8.0,15.0,2.0,5.0,5.0,0.392899990081787,2.0,1.46000003814697,1.60199999809265,0.0,0.154370412230492,29.1082000732422,0.0,2.0,21.0
"InChI=1S/C7H6N2O4/c1-5-2-3-6(8(10)11)4-7(5)9(12)13/h2-4H,1H3",12.0,13.0,3.0,6.0,6.0,0.548799991607666,2.0,1.57000005245209,2.68199992179871,0.0,0.301181435585022,11.273699760437,0.0,0.0,19.0
"InChI=1S/C7H6N4O3S/c8-10-7-9-4(3-15-7)5-1-2-6(14-5)11(12)13/h1-3H,8H2,(H,9,10)",15.0,16.0,2.0,10.0,10.0,-0.625999987125397,3.0,1.35000002384186,0.989000022411346,0.0,0.391876012086868,20.8824996948242,0.0,2.0,21.0
"InChI=1S/C7H6O3/c8-5-1-2-6-7(3-5)10-4-9-6/h1-3,8H,4H2",9.0,11.0,0.0,6.0,6.0,-0.763000011444092,0.0,1.89999997615814,0.871999979019165,0.0,0.582168996334076,10.0367002487183,0.0,1.0,16.0
"InChI=1S/C7H7Cl/c8-6-7-4-2-1-3-5-7/h1-5H,6H2",6.0,8.0,2.0,6.0,6.0,0.755900025367737,1.0,2.11999988555908,3.88299989700317,0.0,0.571384787559509,10.3277997970581,0.0,0.0,15.0
"InChI=1S/C7H7NO2/c1-6-4-2-3-5-7(6)8(9)10/h2-5H,1H3",9.0,10.0,3.0,6.0,6.0,0.595399975776672,1.0,1.89999997615814,3.00600004196167,0.0,0.354501157999039,8.38790035247803,0.0,0.0,17.0
"InChI=1S/C7H7NO3/c1-11-7-5-3-2-4-6(7)8(9)10/h2-5H,1H3",10.0,11.0,2.0,6.0,6.0,-0.0983999967575073,2.0,1.78999996185303,2.23900008201599,0.0,0.00968256033957005,10.2016000747681,0.0,0.0,18.0
"InChI=1S/C7H8ClN/c1-5-2-3-6(8)4-7(5)9/h2-4H,9H2,1H3",7.0,9.0,0.0,6.0,6.0,0.636399984359741,0.0,2.00999999046326,1.97399997711182,0.0,0.405004948377609,15.3397998809814,0.0,1.0,17.0
"InChI=1S/C7H8ClN/c1-5-4-6(8)2-3-7(5)9/h2-4H,9H2,1H3",7.0,9.0,0.0,6.0,6.0,0.636399984359741,0.0,2.00999999046326,1.97399997711182,0.0,0.405004948377609,15.3397998809814,0.0,,17.0
"InChI=1S/C7H8N2O/c8-9-7(10)6-4-2-1-3-5-6/h1-5H,8H2,(H,9,10)",10.0,10.0,4.0,6.0,6.0,-0.677100002765656,1.0,1.89999997615814,2.34899997711182,0.0,0.458464413881302,13.7604999542236,0.0,2.0,18.0
"InChI=1S/C7H8N2O2/c1-5-2-3-6(9(10)11)4-7(5)8/h2-4H,8H2,1H3",10.0,11.0,3.0,6.0,6.0,-0.154499992728233,1.0,1.78999996185303,1.76499998569489,0.0,0.023870250210166,12.6099996566772,0.0,1.0,19.0
"InChI=1S/C7H8N2O2/c8-9-6-3-1-5(2-4-6)7(10)11/h1-4,9H,8H2,(H,10,11)",11.0,11.0,2.0,6.0,6.0,-1.25569999217987,2.0,1.78999996185303,0.778999984264374,0.0,1.57678246498108,15.8034000396729,0.0,,19.0
"InChI=1S/C7H8N2O3/c1-12-7-3-2-5(9(10)11)4-6(7)8/h2-4H,8H2,1H3",11.0,12.0,2.0,6.0,6.0,-0.848299980163574,2.0,1.67999994754791,1.20899999141693,0.0,0.719612896442413,14.4237003326416,0.0,1.0,20.0
"InChI=1S/C7H8O2/c1-9-7-4-2-6(8)3-5-7/h2-5,8H,1H3",8.0,9.0,2.0,6.0,6.0,-0.512099981307983,1.0,2.00999999046326,1.38900005817413,0.0,0.262246400117874,9.88039970397949,0.0,1.0,17.0
"InChI=1S/C7H9N/c1-6-2-4-7(8)5-3-6/h2-5H,8H2,1H3",7.0,8.0,0.0,6.0,6.0,-0.107900001108646,0.0,2.11999988555908,2.29999995231628,0.0,0.0116424104198813,9.72420024871826,0.0,1.0,17.0
"InChI=1S/C7H9N/c1-6-3-2-4-7(8)5-6/h2-5H,8H2,1H3",7.0,8.0,0.0,6.0,6.0,-0.107900001108646,0.0,2.11999988555908,2.29999995231628,0.0,0.0116424104198813,9.72420024871826,0.0,,17.0
"InChI=1S/C7H9N/c1-6-4-2-3-5-7(6)8/h2-5H,8H2,1H3",7.0,8.0,0.0,6.0,6.0,-0.107900001108646,0.0,2.11999988555908,2.08899998664856,0.0,0.0116424104198813,9.72420024871826,0.0,,17.0
"InChI=1S/C7H9N3O/c8-7(11)10-9-6-4-2-1-3-5-6/h1-5,9H,(H3,8,10,11)",11.0,11.0,5.0,6.0,6.0,-0.494899988174438,3.0,1.78999996185303,3.25300002098083,0.0,0.244926005601883,14.2775001525879,0.0,4.0,20.0
"InChI=1S/C7H9NO/c1-9-7-5-3-2-4-6(7)8/h2-5H,8H2,1H3",8.0,9.0,2.0,6.0,6.0,-0.801699995994568,1.0,2.00999999046326,1.32200002670288,0.0,0.642722904682159,11.5378999710083,0.0,,18.0
"InChI=1S/C8H10/c1-2-8-6-4-3-5-7-8/h3-7H,2H2,1H3",6.0,8.0,2.0,6.0,6.0,0.30689999461174,1.0,2.33999991416931,4.9539999961853,0.0,0.0941876098513603,10.3505001068115,2.0,0.0,18.0
"InChI=1S/C8H10N2O/c1-6-2-4-7(5-3-6)10-8(9)11/h2-5H,1H3,(H3,9,10,11)",10.0,11.0,4.0,6.0,6.0,0.567499995231628,2.0,2.00999999046326,3.09400010108948,0.0,0.322056263685226,16.4796009063721,0.0,3.0,21.0
"InChI=1S/C8H10N2O/c1-7(11)9-10-8-5-3-2-4-6-8/h2-6,10H,1H3,(H,9,11)",10.0,11.0,5.0,6.0,6.0,-0.49210000038147,2.0,2.00999999046326,3.51999998092651,0.0,0.24216240644455,17.2007999420166,2.0,2.0,21.0
"InChI=1S/C8H10N2S/c1-2-7-5-6(8(9)11)3-4-10-7/h3-5H,2H2,1H3,(H2,9,11)",8.0,11.0,2.0,6.0,6.0,0.308999985456467,2.0,2.00999999046326,2.31500005722046,0.0,0.0954810008406639,23.7005004882812,2.0,1.0,21.0
"InChI=1S/C8H11N/c1-6-3-4-7(2)8(9)5-6/h3-5H,9H2,1-2H3",7.0,9.0,0.0,6.0,6.0,0.534099996089935,0.0,2.23000001907349,2.41199994087219,0.0,0.285262823104858,15.226300239563,0.0,,20.0
"InChI=1S/C8H11N/c1-6-3-4-8(9)7(2)5-6/h3-5H,9H2,1-2H3",7.0,9.0,0.0,6.0,6.0,0.534099996089935,0.0,2.23000001907349,2.41199994087219,0.0,0.285262823104858,15.226300239563,0.0,,20.0
"InChI=1S/C8H11NO/c1-6-3-4-8(10-2)7(9)5-6/h3-5H,9H2,1-2H3",8.0,10.0,2.0,6.0,6.0,-0.159700006246567,1.0,2.11999988555908,1.64499998092651,0.0,0.0255040898919106,17.0400009155273,0.0,1.0,21.0
"InChI=1S/C8H12/c1-2-8-6-4-3-5-7-8/h2-4,8H,1,5-7H2",2.0,8.0,2.0,0.0,0.0,1.44280004501343,1.0,2.33999991416931,3.60500001907349,0.0,2.08167195320129,37.0376014709473,2.0,0.0,20.0
"InChI=1S/C8H12N2/c9-10-7-6-8-4-2-1-3-5-8/h1-5,10H,6-7,9H2",6.0,10.0,4.0,6.0,6.0,-0.748700022697449,3.0,2.11999988555908,2.89800000190735,0.0,0.560551702976227,17.7481002807617,2.0,,22.0
"InChI=1S/C8H12N4O5/c9-7-10-2-12(8(16)11-7)6-5(15)4(14)3(1-13)17-6/h2-6,13-15H,1H2,(H2,9,11,16)",4.0,18.0,2.0,0.0,0.0,-1.73510003089905,2.0,1.35000002384186,-1.72200000286102,1.0,3.01057195663452,51.6804008483887,0.0,7.0,33.0
"InChI=1S/C8H13NO2/c1-9-5-3-4-7(6-9)8(10)11-2/h4H,3,5-6H2,1-2H3",5.0,11.0,4.0,0.0,0.0,0.134100005030632,2.0,2.00999999046326,0.172000005841255,0.0,0.0179828107357025,42.0176010131836,0.0,0.0,24.0
"InChI=1S/C8H14ClNS2/c1-4-10(5-2)8(11)12-6-7(3)9/h3-6H2,1-2H3",3.0,11.0,12.0,0.0,0.0,3.16650009155273,6.0,1.89999997615814,2.74499988555908,0.0,10.0267219543457,62.7835998535156,3.0,0.0,26.0
"InChI=1S/C8H14O2/c1-4-5-10-8(9)6-7(2)3/h4,7H,1,5-6H2,2-3H3",3.0,9.0,10.0,0.0,0.0,1.23570001125336,5.0,2.11999988555908,2.18600010871887,0.0,1.52695453166962,39.9681015014648,4.0,0.0,24.0
"InChI=1S/C8H15N3O7/c1-11(10-18)8(17)9-4(2-12)6(15)7(16)5(14)3-13/h2,4-7,13-16H,3H2,1H3,(H,9,17)",6.0,17.0,18.0,0.0,0.0,-1.90499997138977,8.0,1.24000000953674,-3.41100001335144,0.0,3.62902498245239,57.6123008728027,6.0,,33.0
"InChI=1S/C8H16N2O/c1-3-4-5-6-7-9-10(2)8-11/h7-8H,3-6H2,1-2H3",5.0,10.0,11.0,0.0,0.0,-1.41349995136261,6.0,2.00999999046326,2.51099991798401,0.0,1.99798226356506,41.2243003845215,6.0,0.0,27.0
"InChI=1S/C8H18N2O/c1-3-5-7-10(9-11)8-6-4-2/h3-8H2,1-2H3",3.0,10.0,11.0,0.0,0.0,-1.13999998569489,7.0,2.00999999046326,2.42499995231628,0.0,1.29960000514984,41.5252990722656,4.0,0.0,29.0
"InChI=1S/C8H18O/c1-3-5-6-8(4-2)7-9/h8-9H,3-7H2,1-2H3",0.0,8.0,9.0,0.0,0.0,-1.26059997081757,5.0,2.23000001907349,2.85500001907349,0.0,1.58911240100861,35.0635986328125,7.0,1.0,27.0
"InChI=1S/C8H20N2/c1-3-5-7-10(9)8-6-4-2/h3-9H2,1-2H3",2.0,9.0,10.0,0.0,0.0,-1.6085000038147,6.0,2.11999988555908,1.31500005722046,0.0,2.58727216720581,41.0503005981445,4.0,1.0,30.0
"InChI=1S/C8H20N2/c1-3-5-7-9-10-8-6-4-2/h9-10H,3-8H2,1-2H3",2.0,9.0,10.0,0.0,0.0,-1.86699998378754,7.0,2.11999988555908,3.28399991989136,0.0,3.48568892478943,39.4682006835938,4.0,,30.0
"InChI=1S/C8H5N3O4S/c12-4-9-8-10-5(3-16-8)6-1-2-7(15-6)11(13)14/h1-4H,(H,9,10,12)",16.0,17.0,3.0,10.0,10.0,0.239399999380112,3.0,1.46000003814697,1.51699995994568,0.0,0.0573123581707478,22.1271991729736,0.0,1.0,21.0
"InChI=1S/C8H6N4O4/c9-8-10-6(11-16-8)3-1-5-2-4-7(15-5)12(13)14/h1-4H,(H2,9,10,11)",10.0,17.0,2.0,5.0,5.0,0.0531000010669231,3.0,1.46000003814697,2.11700010299683,0.0,0.00281961006112397,31.3509006500244,2.0,3.0,24.0
"InChI=1S/C8H6N4O4S/c1-4(13)9-8-11-10-7(17-8)5-2-3-6(16-5)12(14)15/h2-3H,1H3,(H,9,11,13)",16.0,18.0,4.0,10.0,10.0,0.318199992179871,3.0,1.35000002384186,1.28699994087219,0.0,0.101251237094402,26.1991996765137,2.0,2.0,23.0
"InChI=1S/C8H6N4O4S/c13-4-9-11-8-10-5(3-17-8)6-1-2-7(16-6)12(14)15/h1-4H,(H,9,13)(H,10,11)",17.0,18.0,4.0,10.0,10.0,-0.180999994277954,4.0,1.35000002384186,2.51999998092651,0.0,0.0327610000967979,25.4272003173828,0.0,2.0,23.0
"InChI=1S/C8H6N4O5/c13-6-4-11(8(14)10-6)9-3-5-1-2-7(17-5)12(15)16/h1-3H,4H2,(H,10,13,14)",16.0,18.0,2.0,5.0,5.0,-1.28090000152588,3.0,1.35000002384186,0.880999982357025,0.0,1.64070475101471,32.3368988037109,0.0,1.0,23.0
"InChI=1S/C8H8/c1-2-8-6-4-3-5-7-8/h2-7H,1H2",8.0,8.0,2.0,6.0,6.0,0.707499980926514,1.0,2.33999991416931,4.9539999961853,0.0,0.500556230545044,10.1471996307373,2.0,0.0,16.0
"InChI=1S/C8H8O/c1-2-4-7(5-3-1)8-6-9-8/h1-5,8H,6H2",6.0,10.0,0.0,6.0,6.0,-0.192900002002716,1.0,2.23000001907349,2.75500011444092,0.0,0.0372104085981846,9.72920036315918,0.0,0.0,17.0
"InChI=1S/C8H9N3O2/c1-6(12)10-11-8(13)7-2-4-9-5-3-7/h2-5H,1H3,(H,10,12)(H,11,13)",12.0,13.0,7.0,6.0,6.0,-0.706499993801117,3.0,1.78999996185303,1.19599997997284,0.0,0.49914225935936,21.3423004150391,2.0,2.0,22.0
"InChI=1S/C8H9NO2/c1-6(10)9-7-2-4-8(11)5-3-7/h2-5,11H,1H3,(H,9,10)",10.0,11.0,4.0,6.0,6.0,-0.532000005245209,1.0,2.00999999046326,1.66600000858307,0.0,0.28302401304245,16.4654006958008,0.0,2.0,20.0
"InChI=1S/C9H10N4S/c10-7-3-1-6(2-4-7)8-5-14-9(12-8)13-11/h1-5H,10-11H2,(H,12,13)",14.0,15.0,2.0,11.0,11.0,-1.17519998550415,2.0,1.89999997615814,1.28799998760223,0.0,1.38109505176544,20.5997009277344,0.0,4.0,24.0
"InChI=1S/C9H10O2/c1-8(10)11-7-9-5-3-2-4-6-9/h2-6H,7H2,1H3",6.0,11.0,5.0,6.0,6.0,-0.0696000009775162,3.0,2.23000001907349,3.1489999294281,0.0,0.00484415981918573,16.4283008575439,2.0,0.0,21.0
"InChI=1S/C9H11NO2/c1-2-12-8-6-4-3-5-7(8)9(10)11/h3-6H,2H2,1H3,(H2,10,11)",10.0,12.0,3.0,6.0,6.0,0.116999998688698,3.0,2.11999988555908,2.62899994850159,0.0,0.013689000159502,20.0860004425049,2.0,2.0,23.0
"InChI=1S/C9H12N2O2/c1-7(13)10-11-9-4-2-8(6-12)3-5-9/h2-5,11-12H,6H2,1H3,(H,10,13)",10.0,13.0,5.0,6.0,6.0,-0.94080001115799,3.0,2.00999999046326,2.28900003433228,0.0,0.885104656219482,24.4776000976562,0.0,3.0,25.0
"InChI=1S/C9H13N/c1-6-4-7(2)9(10)8(3)5-6/h4-5H,10H2,1-3H3",7.0,10.0,0.0,6.0,6.0,1.17610001564026,0.0,2.33999991416931,2.5239999294281,0.0,1.38321125507355,20.7283992767334,0.0,,23.0
"InChI=1S/C9H13N/c1-6-4-8(3)9(10)5-7(6)2/h4-5H,10H2,1-3H3",7.0,10.0,0.0,6.0,6.0,1.17610001564026,0.0,2.33999991416931,2.73499989509583,0.0,1.38321125507355,20.7283992767334,0.0,1.0,23.0
"InChI=1S/C9H15Br6O4P/c10-1-7(13)4-17-20(16,18-5-8(14)2-11)19-6-9(15)3-12/h7-9H,1-6H2",5.0,19.0,20.0,0.0,0.0,5.15250015258789,12.0,1.24000000953674,5.55000019073486,2.0,26.5482559204102,101.070198059082,3.0,0.0,35.0
"InChI=1S/C9H4Cl3NO2S/c10-9(11,12)16-13-7(14)5-3-1-2-4-6(5)8(13)15/h1-4H",11.0,17.0,5.0,6.0,6.0,2.93129992485046,2.0,1.67999994754791,3.80200004577637,0.0,8.59251976013184,40.8891983032227,0.0,0.0,20.0
"InChI=1S/C9H4Cl6O4/c10-3-4(11)8(13)2(6(18)19)1(5(16)17)7(3,12)9(8,14)15/h1-2H,(H,16,17)(H,18,19)",3.0,20.0,3.0,0.0,0.0,2.4423999786377,2.0,1.35000002384186,1.2849999666214,0.0,5.96531772613525,71.7750015258789,0.0,2.0,23.0
"InChI=1S/C9H4F3N3O4S/c10-9(11,12)7(16)14-8-13-4(3-20-8)5-1-2-6(19-5)15(17)18/h1-3H,(H,13,14,16)",16.0,21.0,7.0,10.0,10.0,1.40639996528625,4.0,1.24000000953674,2.45199990272522,0.0,1.97796094417572,27.209400177002,2.0,1.0,24.0
"InChI=1S/C9H7N3O2S/c10-9-11-8(5-15-9)6-1-3-7(4-2-6)12(13)14/h1-5H,(H2,10,11)",9.0,16.0,2.0,6.0,6.0,0.546999990940094,2.0,1.78999996185303,2.81800007820129,0.0,0.299208998680115,27.4890995025635,0.0,2.0,24.0
"InChI=1S/C9H7N7O2S/c1-15-4-14-7(16(17)18)9(15)19-8-5-6(11-2-10-5)12-3-13-8/h2-4H,1H3,(H,10,11,12,13)",8.0,21.0,2.0,6.0,15.0,0.659500002861023,3.0,1.35000002384186,0.365000009536743,0.0,0.434940248727798,19.2740001678467,0.0,3.0,25.0
"InChI=1S/C9H8Cl3NO2S/c10-9(11,12)16-13-7(14)5-3-1-2-4-6(5)8(13)15/h1-2,5-6H,3-4H2",5.0,17.0,5.0,0.0,0.0,3.23449993133545,2.0,1.67999994754791,2.26799988746643,0.0,10.4619903564453,68.1818008422852,0.0,0.0,24.0
"InChI=1S/C9H8N4O2S/c10-12-9-11-8(5-16-9)6-1-3-7(4-2-6)13(14)15/h1-5H,10H2,(H,11,12)",16.0,17.0,2.0,11.0,11.0,-0.47189998626709,3.0,1.67999994754791,2.20499992370605,0.0,0.222689613699913,19.2633991241455,0.0,3.0,24.0
"InChI=1S/C9H8O2/c10-9-6-5-7-3-1-2-4-8(7)11-9/h1-4H,5-6H2",9.0,12.0,0.0,6.0,6.0,0.00609999988228083,0.0,2.23000001907349,2.45099997520447,0.0,3.72100003005471e-05,15.7062997817993,0.0,0.0,19.0
"InChI=1S/C9H8O4/c10-7-3-1-6(5-8(7)11)2-4-9(12)13/h1-5,10-11H,(H,12,13)",13.0,13.0,5.0,6.0,6.0,-0.799300014972687,2.0,2.00999999046326,1.14100003242493,0.0,0.638880491256714,22.5919990539551,3.0,3.0,21.0
"InChI=1S/CCl4/c2-1(3,4)5",0.0,4.0,5.0,0.0,0.0,3.58459997177124,0.0,1.12999999523163,2.86400008201599,0.0,12.8493576049805,26.8490009307861,0.0,0.0,5.0
"InChI=1S/CH4N2O/c2-3-1-4/h1H,2H2,(H,3,4)",4.0,3.0,4.0,0.0,0.0,-0.745999991893768,0.0,1.24000000953674,-0.633000016212463,0.0,0.556515991687775,15.1128997802734,0.0,2.0,8.0
"InChI=1S/CH5N3O/c2-1(5)4-3/h3H2,(H3,2,4,5)",5.0,4.0,5.0,0.0,0.0,-0.670000016689301,1.0,1.12999999523163,-0.663999974727631,0.0,0.448900014162064,16.2616004943848,0.0,,10.0
"InChI=1S/CH6N2/c1-3-2/h3H,2H2,1H3",2.0,2.0,3.0,0.0,0.0,-0.913600027561188,0.0,1.35000002384186,-0.790000021457672,0.0,0.834664940834045,14.2807998657227,0.0,2.0,9.0
"InChI=1S/H2O4S/c1-5(2,3)4/h(H2,1,2,3,4)",5.0,4.0,5.0,0.0,0.0,-0.657800018787384,0.0,0.910000026226044,-1.76400005817413,0.0,0.432700842618942,13.1971998214722,0.0,,7.0
InChI=1S/C10H8/c1-2-6-10-8-4-3-7-9(10)5-1/h1-8H,10.0,11.0,0.0,10.0,11.0,0.0,0.0,2.55999994277954,5.93800020217896,1.0,0.0,0.0,0.0,0.0,18.0
InChI=1S/C11H7N3O3/c15-14(16)11-5-4-9(17-11)8-7-12-10-3-1-2-6-13(8)10/h1-7H,17.0,19.0,3.0,14.0,15.0,-0.1875,2.0,2.00999999046326,2.58500003814697,0.0,0.03515625,7.40290021896362,0.0,0.0,24.0
InChI=1S/C12H4Cl4O2/c13-5-1-9-10(2-6(5)14)18-12-4-8(16)7(15)3-11(12)17-9/h1-4H,14.0,20.0,0.0,12.0,12.0,2.66899991035461,0.0,2.11999988555908,4.15999984741211,0.0,7.12356090545654,25.7005996704102,0.0,0.0,22.0
InChI=1S/C12H5Cl5/c13-8-3-1-2-6(10(8)15)7-4-5-9(14)12(17)11(7)16/h1-5H,12.0,18.0,0.0,12.0,12.0,3.72149991989136,1.0,2.23000001907349,5.23999977111816,1.0,13.8495626449585,28.0779991149902,0.0,,22.0
InChI=1S/C12H7Cl2NO3/c13-8-1-6-12(11(14)7-8)18-10-4-2-9(3-5-10)15(16)17/h1-7H,16.0,19.0,2.0,12.0,12.0,1.2878999710083,3.0,2.11999988555908,4.76300001144409,0.0,1.65868639945984,15.7361001968384,0.0,0.0,25.0
InChI=1S/C12HBr9/c13-2-1-3(14)6(15)7(16)4(2)5-8(17)10(19)12(21)11(20)9(5)18/h1H,12.0,22.0,0.0,12.0,12.0,7.99919986724854,1.0,1.78999996185303,8.66600036621094,1.0,63.9872016906738,77.3918991088867,0.0,0.0,22.0
InChI=1S/C14H8Cl4/c15-11-5-1-9(2-6-11)13(14(17)18)10-3-7-12(16)8-4-10/h1-8H,14.0,19.0,4.0,12.0,12.0,2.74130010604858,2.0,2.55999994277954,6.5149998664856,1.0,7.51472568511963,30.6431007385254,2.0,0.0,26.0
InChI=1S/C20H12/c1-2-7-17-15(4-1)12-16-9-8-13-5-3-6-14-10-11-18(17)20(16)19(13)14/h1-12H,20.0,24.0,0.0,20.0,24.0,0.0,0.0,3.66000008583069,10.2119998931885,1.0,0.0,0.0,0.0,0.0,32.0
InChI=1S/C22H14/c1-3-7-19-15(5-1)9-11-17-14-22-18(13-21(17)19)12-10-16-6-2-4-8-20(16)22/h1-14H,22.0,26.0,0.0,22.0,26.0,0.0,0.0,3.88000011444092,11.5659999847412,1.0,0.0,0.0,0.0,0.0,36.0
InChI=1S/C24H12O2/c25-23-17-7-3-1-5-13(17)15-9-11-20-22-16(10-12-19(23)21(15)22)14-6-2-4-8-18(14)24(20)26/h1-12H,26.0,31.0,0.0,22.0,23.0,-0.527599990367889,0.0,3.88000011444092,7.50400018692017,1.0,0.278361767530441,10.6920003890991,0.0,0.0,38.0
InChI=1S/C2Cl2/c3-1-2-4,2.0,3.0,4.0,0.0,0.0,0.971199989318848,0.0,1.46000003814697,1.98599994182587,0.0,0.94322943687439,20.1837997436523,2.0,0.0,4.0
InChI=1S/C2Cl4/c3-1(4)2(5)6,2.0,5.0,6.0,0.0,0.0,2.42880010604858,0.0,1.24000000953674,3.02600002288818,0.0,5.89906930923462,30.9454002380371,2.0,0.0,6.0
InChI=1S/C2F4/c3-1(4)2(5)6,2.0,5.0,6.0,0.0,0.0,1.28159999847412,0.0,1.24000000953674,1.182000041008,0.0,1.64249861240387,12.4054002761841,2.0,0.0,6.0
InChI=1S/C2H2Cl2/c1-2(3)4/h1H2,2.0,3.0,4.0,0.0,0.0,1.68799996376038,0.0,1.46000003814697,1.93299996852875,0.0,2.84934401512146,20.460599899292,0.0,0.0,6.0
InChI=1S/C2H2Cl4/c3-1(4)2(5)6/h1-2H,0.0,5.0,6.0,0.0,0.0,2.39919996261597,1.0,1.24000000953674,2.57599997520447,0.0,5.75616073608398,30.7637996673584,2.0,0.0,8.0
InChI=1S/C2H4Br2/c3-1-2-4/h1-2H2,0.0,3.0,4.0,0.0,0.0,1.80079996585846,1.0,1.46000003814697,2.41599988937378,0.0,3.24288058280945,26.6226005554199,2.0,0.0,8.0
InChI=1S/C2H4Cl2/c3-1-2-4/h1-2H2,0.0,3.0,4.0,0.0,0.0,1.51180005073547,1.0,1.46000003814697,1.74000000953674,0.0,2.28553915023804,20.6555995941162,2.0,0.0,8.0
InChI=1S/C2H4Cl2O/c3-1-5-2-4/h1-2H2,0.0,4.0,5.0,0.0,0.0,0.924300014972687,2.0,1.35000002384186,0.833999991416931,0.0,0.854330480098724,22.2912998199463,0.0,0.0,9.0
InChI=1S/C2H4O/c1-2-3-1/h1-2H2,0.0,3.0,0.0,0.0,0.0,-0.130899995565414,0.0,1.57000005245209,-0.189999997615814,0.0,0.0171348098665476,11.0434999465942,0.0,0.0,7.0
InChI=1S/C2H6N2O/c1-4(2)3-5/h1-2H3,3.0,4.0,5.0,0.0,0.0,0.0908000022172928,1.0,1.35000002384186,-0.275000005960464,0.0,0.0082446401938796,20.050500869751,0.0,0.0,11.0
InChI=1S/C2HCl3/c3-1-2(4)5/h1H,2.0,4.0,5.0,0.0,0.0,1.74279999732971,0.0,1.35000002384186,2.64199995994568,0.0,3.03735184669495,25.2621994018555,2.0,0.0,6.0
InChI=1S/C3H4O2/c4-2-1-3-5/h1-4H,5.0,4.0,5.0,0.0,0.0,-0.468600004911423,1.0,1.57000005245209,-0.0439999997615814,0.0,0.219585955142975,18.0569000244141,3.0,,9.0
InChI=1S/C3H4O2/c4-3-1-2-5-3/h1-2H2,3.0,5.0,0.0,0.0,0.0,-0.0447000004351139,0.0,1.57000005245209,-0.138999998569489,0.0,0.00199808995239437,15.5530996322632,0.0,0.0,9.0
InChI=1S/C3H6ClNO/c1-5(2)3(4)6/h1-2H3,3.0,5.0,6.0,0.0,0.0,0.573800027370453,1.0,1.46000003814697,0.247999995946884,0.0,0.329246431589127,24.9722995758057,0.0,0.0,12.0
InChI=1S/C4H4O/c1-2-4-5-3-1/h1-4H,5.0,5.0,0.0,5.0,5.0,-0.154100000858307,0.0,1.78999996185303,1.01800000667572,0.0,0.0237468108534813,1.61909997463226,0.0,0.0,9.0
InChI=1S/C4H8Cl2O/c5-1-3-7-4-2-6/h1-4H2,0.0,6.0,7.0,0.0,0.0,1.38090002536774,4.0,1.57000005245209,1.54999995231628,0.0,1.90688478946686,31.6991004943848,2.0,0.0,15.0
InChI=1S/C4H8Cl2O2/c5-3-7-1-2-8-4-6/h1-4H2,0.0,7.0,8.0,0.0,0.0,0.79339998960495,5.0,1.46000003814697,0.643999993801117,0.0,0.629483580589294,33.3348007202148,2.0,0.0,16.0
InChI=1S/C4H8N2O/c7-5-6-3-1-2-4-6/h1-4H2,3.0,7.0,2.0,0.0,0.0,-0.666599988937378,1.0,1.57000005245209,0.46000000834465,0.0,0.444355547428131,23.9046993255615,0.0,0.0,15.0
InChI=1S/C4H8N4O2/c9-5-7-1-2-8(6-10)4-3-7/h1-4H2,3.0,10.0,2.0,0.0,0.0,-0.181199997663498,2.0,1.24000000953674,-0.512000024318695,0.0,0.0328334383666515,36.1629981994629,0.0,0.0,18.0
InChI=1S/C4H8O/c1-2-4-5-3-1/h1-4H2,0.0,5.0,0.0,0.0,0.0,-0.706900000572205,0.0,1.78999996185303,0.526000022888184,0.0,0.499707609415054,16.86669921875,0.0,0.0,13.0
InChI=1S/C4H8O2/c1-2-6-4-3-5-1/h1-4H2,0.0,6.0,0.0,0.0,0.0,-0.261799991130829,0.0,1.67999994754791,-0.379999995231628,0.0,0.0685392394661903,22.0869998931885,0.0,0.0,14.0
InChI=1S/C5H10N2O/c8-6-7-4-2-1-3-5-7/h1-5H2,3.0,8.0,2.0,0.0,0.0,-0.954599976539612,1.0,1.67999994754791,0.818000018596649,0.0,0.911261141300201,26.8162994384766,0.0,0.0,18.0
InChI=1S/C5H4O2/c6-4-5-2-1-3-7-5/h1-4H,7.0,7.0,2.0,5.0,5.0,-0.346500009298325,1.0,1.78999996185303,1.057000041008,0.0,0.120062246918678,7.91300010681152,0.0,0.0,11.0
InChI=1S/C5H5N/c1-2-4-6-5-3-1/h1-5H,6.0,6.0,0.0,6.0,6.0,0.0,0.0,1.89999997615814,1.39999997615814,0.0,0.0,0.0,0.0,0.0,11.0
InChI=1S/C6Cl5NO2/c7-1-2(8)4(10)6(12(13)14)5(11)3(1)9,9.0,14.0,2.0,6.0,6.0,3.67490005493164,1.0,1.24000000953674,3.16300010681152,0.0,13.5048904418945,30.9638004302979,0.0,0.0,14.0
InChI=1S/C6Cl6/c7-1-2(8)4(10)6(12)5(11)3(1)9,6.0,12.0,0.0,6.0,6.0,4.4657998085022,0.0,1.46000003814697,3.37199997901917,0.0,19.9433689117432,33.6935997009277,0.0,0.0,12.0
InChI=1S/C6H12N2O/c9-7-8-5-3-1-2-4-6-8/h1-6H2,3.0,9.0,2.0,0.0,0.0,-1.24259996414185,1.0,1.78999996185303,1.17599999904633,0.0,1.54405474662781,29.7278995513916,0.0,0.0,21.0
InChI=1S/C6H4Cl2/c7-5-1-2-6(8)4-3-5/h1-4H,6.0,8.0,0.0,6.0,6.0,1.48860001564026,0.0,1.89999997615814,2.98799991607666,0.0,2.21592998504639,11.2312002182007,0.0,0.0,12.0
InChI=1S/C6H4ClNO2/c7-5-1-3-6(4-2-5)8(9)10/h1-4H,9.0,10.0,2.0,6.0,6.0,0.697700023651123,1.0,1.67999994754791,2.77900004386902,0.0,0.486785292625427,8.50139999389648,0.0,0.0,14.0
InChI=1S/C6H4ClNO2/c7-5-3-1-2-4-6(5)8(9)10/h1-4H,9.0,10.0,3.0,6.0,6.0,0.697700023651123,1.0,1.67999994754791,2.77900004386902,0.0,0.486785292625427,8.50139999389648,0.0,0.0,14.0
InChI=1S/C6H4F4N2/c7-1-2(8)5(11)4(10)6(12)3(1)9/h11-12H2,8.0,12.0,0.0,6.0,6.0,0.418999999761581,0.0,1.46000003814697,0.572000026702881,0.0,0.175560995936394,11.9342002868652,0.0,,16.0
InChI=1S/C6H4O2/c7-5-1-2-6(8)4-3-5/h1-4H,8.0,8.0,0.0,0.0,0.0,-0.0187999997287989,0.0,1.89999997615814,-0.228000000119209,0.0,0.000353440002072603,31.0287990570068,0.0,0.0,12.0
InChI=1S/C6H5NO2/c8-7(9)6-4-2-1-3-5-6/h1-5H,9.0,9.0,3.0,6.0,6.0,-0.0465999990701675,1.0,1.78999996185303,2.89400005340576,0.0,0.00217155995778739,2.88579988479614,0.0,0.0,14.0
InChI=1S/C6H6/c1-2-4-6-5-3-1/h1-6H,6.0,6.0,0.0,6.0,6.0,0.0,0.0,2.11999988555908,4.06199979782104,0.0,0.0,0.0,0.0,0.0,12.0
InChI=1S/C6H6Cl6/c7-1-2(8)4(10)6(12)5(11)3(1)9/h1-6H,0.0,12.0,0.0,0.0,0.0,4.16340017318726,0.0,1.46000003814697,3.83400011062622,0.0,17.3339004516602,54.0810012817383,0.0,0.0,18.0
InChI=1S/C6HCl5O/c7-1-2(8)4(10)6(12)5(11)3(1)9/h12H,7.0,12.0,0.0,6.0,6.0,3.26119995117188,0.0,1.46000003814697,2.31299996376038,0.0,10.635425567627,30.642599105835,0.0,1.0,13.0
InChI=1S/C7H3Cl5O/c1-13-7-5(11)3(9)2(8)4(10)6(7)12/h1H3,7.0,13.0,2.0,6.0,6.0,3.66969990730286,1.0,1.57000005245209,2.83200001716614,0.0,13.4666976928711,35.393798828125,0.0,0.0,16.0
InChI=1S/C7H6O/c8-6-7-4-2-1-3-5-7/h1-6H,8.0,8.0,2.0,6.0,6.0,-0.192399993538857,1.0,2.11999988555908,3.07999992370605,0.0,0.0370177589356899,6.29390001296997,0.0,0.0,14.0
InChI=1S/C8H6O/c1-2-4-8-7(3-1)5-6-9-8/h1-6H,7.0,10.0,0.0,6.0,10.0,-0.154100000858307,0.0,2.23000001907349,2.64599990844727,0.0,0.0237468108534813,1.61909997463226,0.0,0.0,15.0
InChI=1S/C9H6O2/c10-9-6-5-7-3-1-2-4-8(7)11-9/h1-6H,9.0,12.0,0.0,6.0,6.0,0.00609999988228083,0.0,2.23000001907349,2.45099997520447,0.0,3.72100003005471e-05,15.7062997817993,0.0,0.0,19.0
InChI=1S/CH2Cl2/c2-1-3/h1H2,0.0,2.0,3.0,0.0,0.0,1.07290005683899,0.0,1.35000002384186,1.51900005340576,0.0,1.15111446380615,16.4382991790771,0.0,0.0,5.0
InChI=1S/CH3NO2/c1-2(3)4/h1H3,2.0,3.0,4.0,0.0,0.0,-0.280600011348724,0.0,1.24000000953674,0.34799998998642,0.0,0.0787363573908806,8.30230045318604,0.0,0.0,7.0
InChI=1S/CHBr2Cl/c2-1(3)4/h1H,0.0,3.0,4.0,0.0,0.0,2.02480006217957,0.0,1.24000000953674,2.75,0.0,4.09981489181519,26.9811992645264,0.0,0.0,5.0
InChI=1S/CHBrCl2/c2-1(3)4/h1H,0.0,3.0,4.0,0.0,0.0,1.82099997997284,0.0,1.24000000953674,2.41199994087219,0.0,3.31604099273682,24.172700881958,0.0,0.0,5.0
InChI=1S/CHCl3/c2-1(3)4/h1H,0.0,3.0,4.0,0.0,0.0,1.6172000169754,0.0,1.24000000953674,2.07399988174438,0.0,2.6153359413147,21.364200592041,0.0,0.0,5.0
