InChI,pTD50
"InChI=1S/C10Cl10O/c11-2-1(21)3(12)6(15)4(2,13)8(17)5(2,14)7(3,16)9(6,18)10(8,19)20",5.21946539853086
"InChI=1S/C10H10N2/c11-9-5-1-3-7-8(9)4-2-6-10(7)12/h1-6H,11-12H2",3.35659696502858
"InChI=1S/C10H10N4O3S/c1-6(2)12-13-10-11-7(5-18-10)8-3-4-9(17-8)14(15)16/h3-5H,1-2H3,(H,11,13)",4.64357925928341
"InChI=1S/C10H10O3/c1-2-8(11)7-3-4-9-10(5-7)13-6-12-9/h2-5,8,11H,1,6H2",3.9860523434476
"InChI=1S/C10H12N4O5/c15-6-5-12-3-4-13(10(12)16)11-7-8-1-2-9(19-8)14(17)18/h1-2,7,15H,3-6H2",4.20578488769569
"InChI=1S/C10H12O2/c1-2-3-8-4-5-9-10(6-8)12-7-11-9/h4-6H,2-3,7H2,1H3",3.06004002471136
"InChI=1S/C10H13N3O/c14-12-13-7-2-1-5-10(13)9-4-3-6-11-8-9/h3-4,6,8,10H,1-2,5,7H2",4.20600860942994
"InChI=1S/C10H13N3O2/c1-13(12-15)7-3-5-10(14)9-4-2-6-11-8-9/h2,4,6,8H,3,5,7H2,1H3",6.31688546219751
"InChI=1S/C10H13N5O3S/c11-10-13-8-7(9(19)14-10)12-3-15(8)6-1-4(17)5(2-16)18-6/h3-6,16-17H,1-2H2,(H3,11,13,14,19)",5.13003969678269
"InChI=1S/C10H13NO2/c1-3-13-10-6-4-9(5-7-10)11-8(2)12/h4-7H,3H2,1-2H3,(H,11,12)",2.15646628221944
"InChI=1S/C10H14N2O4S/c1-9-3-5-10(6-4-9)17(14,15)16-8-7-12(2)11-13/h3-6H,7-8H2,1-2H3",4.7308752663485
"InChI=1S/C10H15N3O2/c1-13(12-15)7-3-5-10(14)9-4-2-6-11-8-9/h2,4,6,8,10,14H,3,5,7H2,1H3",6.30781807198221
"InChI=1S/C10H16/c1-8(2)10-6-4-9(3)5-7-10/h4,10H,1,5-7H2,2-3H3",2.82465534080909
"InChI=1S/C10H22N2O/c1-3-5-7-9-12(11-13)10-8-6-4-2/h3-10H2,1-2H3",4.66489522032684
"InChI=1S/C10H8N4/c11-8-5-4-7-10(13-8)14-6-2-1-3-9(14)12-7/h1-6H,(H2,11,13)",3.63894336411243
"InChI=1S/C10H9Cl4NO2S/c11-9(12)10(13,14)18-15-7(16)5-3-1-2-4-6(5)8(15)17/h1-2,5-6,9H,3-4H2",3.67720501977871
"InChI=1S/C10H9N/c11-10-6-5-8-3-1-2-4-9(8)7-10/h1-7H,11H2",3.36631741830388
"InChI=1S/C10HCl11/c11-2-1-3(12)5(14)4(1,13)10(20,21)7(2,16)8(5,17)6(2,15)9(3,18)19/h1H",5.54414852160459
"InChI=1S/C11H10N4/c1-15-9-5-4-8-7(3-2-6-13-8)10(9)14-11(15)12/h2-6H,1H3,(H2,12,14)",5.38760042545264
"InChI=1S/C11H10N4/c1-7-3-2-6-15-10(7)13-8-4-5-9(12)14-11(8)15/h2-6H,1H3,(H2,12,14)",4.62598361197873
"InChI=1S/C11H11N3O3/c12-10(15)6-9-11(16)17-13-14(9)7-8-4-2-1-3-5-8/h1-5H,6-7H2,(H2-,12,13,15,16)/p+1",4.7422792575964
"InChI=1S/C11H11N5/c12-10-7-6-9(11(13)14-10)16-15-8-4-2-1-3-5-8/h1-7H,(H4,12,13,14)",2.84742339770221
"InChI=1S/C11H12N2O/c1-9-8-11(14)13(12(9)2)10-6-4-3-5-7-10/h3-8H,1-2H3",2.18477427095239
"InChI=1S/C11H13N5O4/c1-15(2)7-12-11-14-13-9(20-11)5-3-8-4-6-10(19-8)16(17)18/h3-6H,7H2,1-2H3,(H,12,14)",4.09574858491847
"InChI=1S/C11H14N2O4/c1-8(2)16-9-6-4-5-7-10(9)17-11(14)13(3)12-15/h4-8H,1-3H3",5.81591311446616
"InChI=1S/C11H14N2O4/c12-10(14)16-6-9(7-17-11(13)15)8-4-2-1-3-5-8/h1-5,9H,6-7H2,(H2,12,14)(H2,13,15)",2.33958800017459
"InChI=1S/C11H14O2/c1-4-5-9-6-7-10(12-2)11(8-9)13-3/h4,6-8H,1,5H2,2-3H3",3.95650897647
"InChI=1S/C11H16N4O4/c16-8-4-14(5-9(17)12-8)2-1-3-15-6-10(18)13-11(19)7-15/h1-7H2,(H,12,16,17)(H,13,18,19)",4.39918719836559
"InChI=1S/C11H17F3N6O/c12-11(13,14)7-17-10(16)18-9-4-6-20(19-9)5-2-1-3-8(15)21/h4,6H,1-3,5,7H2,(H2,15,21)(H3,16,17,18,19)",2.41794383666603
"InChI=1S/C11H23NO2/c12-10-8-6-4-2-1-3-5-7-9-11(13)14/h1-10,12H2,(H,13,14)",2.26246381849294
"InChI=1S/C11H24N2O/c1-3-4-5-6-7-8-9-10-11-13(2)12-14/h3-11H2,1-2H3",5.20135615121019
"InChI=1S/C11H9BrO4/c1-16-8-4-2-7(3-5-8)11(15)9(12)6-10(13)14/h2-6H,1H3,(H,13,14)",5.01250343360558
"InChI=1S/C12H10Cl2N2/c13-9-5-7(1-3-11(9)15)8-2-4-12(16)10(14)6-8/h1-6H,15-16H2",3.95463163738706
"InChI=1S/C12H10ClNO/c13-9-1-5-11(6-2-9)15-12-7-3-10(14)4-8-12/h1-8H,14H2",3.76657638084873
"InChI=1S/C12H10N2O/c15-14-12-8-6-11(7-9-12)13-10-4-2-1-3-5-10/h1-9,13H",2.99395294805851
"InChI=1S/C12H10O/c13-12-9-5-4-8-11(12)10-6-2-1-3-7-10/h1-9,13H",2.86548994250357
"InChI=1S/C12H11N3/c1-7-12-8-4-2-3-5-9(8)15-10(12)6-11(13)14-7/h2-6,15H,1H3,(H2,13,14)",4.47151195716729
"InChI=1S/C12H11N3/c1-7-6-9-8-4-2-3-5-10(8)14-12(9)15-11(7)13/h2-6H,1H3,(H3,13,14,15)",4.46891138363676
"InChI=1S/C12H11NO2/c1-13-12(14)15-11-8-4-6-9-5-2-3-7-10(9)11/h2-8H,1H3,(H,13,14)",4.15445483779834
"InChI=1S/C12H12N2/c1-3-7-11(8-4-1)13-14-12-9-5-2-6-10-12/h1-10,13-14H",4.51796551679951
"InChI=1S/C12H12N2/c13-11-5-1-9(2-6-11)10-3-7-12(14)8-4-10/h1-8H,13-14H2",5.02733122155714
"InChI=1S/C12H12N2O/c13-9-1-5-11(6-2-9)15-12-7-3-10(14)4-8-12/h1-8H,13-14H2",4.32336294544294
"InChI=1S/C12H12N2O2S/c13-9-1-5-11(6-2-9)17(15,16)12-7-3-10(14)4-8-12/h1-8H,13-14H2",4.04473202444375
"InChI=1S/C12H12N2O3/c1-2-12(8-6-4-3-5-7-8)9(15)13-11(17)14-10(12)16/h3-7H,2H2,1H3,(H2,13,14,15,16,17)",3.43142996938231
"InChI=1S/C12H12N2O3/c1-3-14-6-9(12(16)17)10(15)8-5-4-7(2)13-11(8)14/h4-6H,3H2,1-2H3,(H,16,17)",3.06273236320539
"InChI=1S/C12H12N2S/c13-9-1-5-11(6-2-9)15-12-7-3-10(14)4-8-12/h1-8H,13-14H2",4.76568903484514
"InChI=1S/C12H13N3O2/c16-9-7-8(13-1-2-13)12(17)11(15-5-6-15)10(9)14-3-4-14/h7H,1-6H2",7.6616523317822
"InChI=1S/C12H14N2O/c1-9-8-12(2,3)14(13-15)11-7-5-4-6-10(9)11/h4-8H,1-3H3",4.78606569003429
"InChI=1S/C12H14O4/c1-2-9(13-5-11-7-15-11)4-10(3-1)14-6-12-8-16-12/h1-4,11-12H,5-8H2",4.76932495684911
"InChI=1S/C12H15ClO3/c1-4-15-11(14)12(2,3)16-10-7-5-9(13)6-8-10/h5-8H,4H2,1-3H3",3.157180208622
"InChI=1S/C12H19N3O/c1-9(2)15-12(16)11-6-4-10(5-7-11)8-14-13-3/h4-7,9,13-14H,8H2,1-3H3,(H,15,16)",5.79967213873971
"InChI=1S/C12H19NO3/c1-12(2,3)13-7-11(16)8-4-9(14)6-10(15)5-8/h4-6,11,13-16H,7H2,1-3H3",2.73994687742118
"InChI=1S/C12H26N2O/c1-3-4-5-6-7-8-9-10-11-12-14(2)13-15/h3-12H2,1-2H3",4.95637048178212
"InChI=1S/C12H27O4P/c1-4-7-10-14-17(13,15-11-8-5-2)16-12-9-6-3/h4-12H2,1-3H3",3.14436079352124
"InChI=1S/C12H8O4/c1-14-12-10-8(4-5-15-10)6-7-2-3-9(13)16-11(7)12/h2-6H,1H3",3.82428958689081
"InChI=1S/C12H9N3O3S/c16-12-7-3-1-2-4-8(7)13-11(14-12)9-5-6-10(19-9)15(17)18/h1-6,11,13H,(H,14,16)",5.25509001262151
"InChI=1S/C12H9NO/c13-8-5-6-10-9-3-1-2-4-11(9)14-12(10)7-8/h1-7H,13H2",4.8684880118911
"InChI=1S/C12H9NO2/c14-13(15)11-7-6-9-5-4-8-2-1-3-10(11)12(8)9/h1-3,6-7H,4-5H2",4.36128200949508
"InChI=1S/C13H11NO2/c1-15-13-6-9-8-4-2-3-5-11(8)16-12(9)7-10(13)14/h2-7H,14H2,1H3",3.866454382477
"InChI=1S/C13H11NO5/c1-2-14-5-8(13(16)17)12(15)7-3-10-11(4-9(7)14)19-6-18-10/h3-5H,2,6H2,1H3,(H,16,17)",3.19430691177395
"InChI=1S/C13H12F2N6O/c14-10-1-2-11(12(15)3-10)13(22,4-20-8-16-6-18-20)5-21-9-17-7-19-21/h1-3,6-9,22H,4-5H2",3.57923234182257
"InChI=1S/C13H12N4/c1-17-11-7-10(9-5-3-2-4-6-9)8-15-12(11)16-13(17)14/h2-8H,1H3,(H2,14,15,16)",5.10033452669265
"InChI=1S/C13H13N3/c1-7-12-11(8(2)15-13(7)14)9-5-3-4-6-10(9)16-12/h3-6,16H,1-2H3,(H2,14,15)",5.56515457007017
"InChI=1S/C13H14Cl2O3/c1-12(2,11(16)17)18-9-5-3-8(4-6-9)10-7-13(10,14)15/h3-6,10H,7H2,1-2H3,(H,16,17)",5.16666282811958
"InChI=1S/C13H14N2/c14-12-5-1-10(2-6-12)9-11-3-7-13(15)8-4-11/h1-8H,9,14-15H2",3.99621321106377
"InChI=1S/C13H16N4O6/c18-13-16(14-7-10-1-2-12(22-10)17(19)20)9-11(23-13)8-15-3-5-21-6-4-15/h1-2,7,11H,3-6,8-9H2",4.70952917708953
"InChI=1S/C13H17N3O2/c1-10-8-15(14-18)9-11(2)16(10)13(17)12-6-4-3-5-7-12/h3-7,10-11H,8-9H2,1-2H3",4.40823487238118
"InChI=1S/C13H18Cl2N2O2/c14-5-7-17(8-6-15)11-3-1-10(2-4-11)9-12(16)13(18)19/h1-4,12H,5-9,16H2,(H,18,19)",6.5123812640086
"InChI=1S/C13H21NO3/c1-13(2,3)14-7-12(17)9-4-5-11(16)10(6-9)8-15/h4-6,12,14-17H,7-8H2,1-3H3",3.77690230726276
"InChI=1S/C13H28N2O/c1-3-4-5-6-7-8-9-10-11-12-13-15(2)14-16/h3-13H2,1-2H3",5.62867294348817
"InChI=1S/C13H9NO2/c15-14(16)11-5-6-13-10(8-11)7-9-3-1-2-4-12(9)13/h1-6,8H,7H2",5.86988215932042
"InChI=1S/C14H12FNO/c1-10(17)16-14-8-4-12(5-9-14)11-2-6-13(15)7-3-11/h2-9H,1H3,(H,16,17)",5.35598721279303
"InChI=1S/C14H12N4O2/c15-5-1-2-6(16)10-9(5)13(19)11-7(17)3-4-8(18)12(11)14(10)20/h1-4H,15-18H2",3.23544880600215
"InChI=1S/C14H12N4O3S/c19-8-7-15-13-9-3-1-2-4-10(9)16-14(17-13)11-5-6-12(22-11)18(20)21/h1-6,19H,7-8H2,(H,15,16,17)",5.22830742409291
"InChI=1S/C14H13N3O2S/c1-19-13-7-9(20(2)18)3-4-10(13)14-16-11-5-6-15-8-12(11)17-14/h3-8H,1-2H3,(H,16,17)",3.61020394756304
"InChI=1S/C14H13NO/c1-11(16)15-14-9-7-13(8-10-14)12-5-3-2-4-6-12/h2-10H,1H3,(H,15,16)",5.25293362355695
"InChI=1S/C14H14ClN3O2S/c1-8-4-3-5-10(9(8)2)16-12-6-11(15)17-14(18-12)21-7-13(19)20/h3-6H,7H2,1-2H3,(H,19,20)(H,16,17,18)",4.87078861152938
"InChI=1S/C14H14N2/c1-2-16-13-6-4-3-5-11(13)12-9-10(15)7-8-14(12)16/h3-9H,2,15H2,1H3",3.56539037363419
"InChI=1S/C14H15N3/c1-10-5-3-4-6-14(10)17-16-12-7-8-13(15)11(2)9-12/h3-9H,15H2,1-2H3",4.7463588149649
"InChI=1S/C14H15N3/c1-17(2)14-10-8-13(9-11-14)16-15-12-6-4-3-5-7-12/h3-11H,1-2H3",4.83291218629979
"InChI=1S/C14H16N2O2/c1-17-13-7-9(3-5-11(13)15)10-4-6-12(16)14(8-10)18-2/h3-8H,15-16H2,1-2H3",5.37087075020654
"InChI=1S/C14H18ClNO4S/c1-9-5-10(2)8-16(7-9)21(19,20)11-3-4-13(15)12(6-11)14(17)18/h3-4,6,9-10H,5,7-8H2,1-2H3,(H,17,18)",4.83515532328331
"InChI=1S/C14H19Cl2NO2/c15-8-10-17(11-9-16)13-6-4-12(5-7-13)2-1-3-14(18)19/h4-7H,1-3,8-11H2,(H,18,19)",5.53086776060692
"InChI=1S/C14H19N3S/c1-16(2)9-10-17(12-13-6-5-11-18-13)14-7-3-4-8-15-14/h3-8,11H,9-10,12H2,1-2H3",4.45681304059823
"InChI=1S/C14H7Br2NO2/c15-8-5-9(16)12(17)11-10(8)13(18)6-3-1-2-4-7(6)14(11)19/h1-5H,17H2",3.91818868720173
"InChI=1S/C14H8O3/c15-11-7-3-6-10-12(11)14(17)9-5-2-1-4-8(9)13(10)16/h1-7,15H",3.37984627329391
"InChI=1S/C14H8O4/c15-9-5-1-3-7-11(9)14(18)12-8(13(7)17)4-2-6-10(12)16/h1-6,15-16H",2.99142662603978
"InChI=1S/C14H8O5/c15-8-5-9(16)14(19)11-10(8)12(17)6-3-1-2-4-7(6)13(11)18/h1-5,15-16,19H",2.57736689111712
"InChI=1S/C14H9NO2/c15-8-5-6-11-12(7-8)14(17)10-4-2-1-3-9(10)13(11)16/h1-7H,15H2",3.34442495982254
"InChI=1S/C15H10F3NO/c16-15(17,18)14(20)19-11-5-6-13-10(8-11)7-9-3-1-2-4-12(9)13/h1-6,8H,7H2,(H,19,20)",5.23334291206838
"InChI=1S/C15H10O7/c16-7-4-10(19)12-11(5-7)22-15(14(21)13(12)20)6-1-2-8(17)9(18)3-6/h1-5,16-19,21H",4.47602438799828
"InChI=1S/C15H11NO2/c1-8-6-7-11-12(13(8)16)15(18)10-5-3-2-4-9(10)14(11)17/h2-7H,16H2,1H3",3.60289073815158
"InChI=1S/C15H11NO2/c1-9(17)16-10-6-7-12-11-4-2-3-5-13(11)15(18)14(12)8-10/h2-8H,1H3,(H,16,17)",4.58492728084125
"InChI=1S/C15H13NO/c1-10(17)16-13-6-7-15-12(9-13)8-11-4-2-3-5-14(11)15/h2-7,9H,8H2,1H3,(H,16,17)",5.26247034718831
"InChI=1S/C15H13NO2/c1-10(17)16(18)13-6-7-15-12(9-13)8-11-4-2-3-5-14(11)15/h2-7,9,18H,8H2,1H3",5.38413003444408
"InChI=1S/C15H15N3O2/c1-10-3-8-15(20)14(9-10)18-17-13-6-4-12(5-7-13)16-11(2)19/h3-9,17H,1-2H3,(H,16,19)",2.85045049903809
"InChI=1S/C15H17N3/c1-12-5-4-6-14(11-12)17-16-13-7-9-15(10-8-13)18(2)3/h4-11H,1-3H3",4.86309734716964
"InChI=1S/C15H17N5O/c1-2-21-9-8-12-13(11-6-4-3-5-7-11)19-15(16)20-14(12)17-10-18-20/h3-7,10H,2,8-9H2,1H3,(H2,16,19)",2.71350985717714
"InChI=1S/C15H18N2/c1-10-7-12(3-5-14(10)16)9-13-4-6-15(17)11(2)8-13/h3-8H,9,16-17H2,1-2H3",4.48666062387141
"InChI=1S/C15H18N4O/c1-3-18(4-2)15-7-5-13(6-8-15)16-17-14-9-11-19(20)12-10-14/h5-12H,3-4H2,1-2H3",5.2197063186984
"InChI=1S/C15H22O3/c1-11-6-7-12(2)13(10-11)18-9-5-8-15(3,4)14(16)17/h6-7,10H,5,8-9H2,1-4H3,(H,16,17)",3.00582184468248
"InChI=1S/C15H23ClO4S/c1-12(20-21(17)19-10-9-16)11-18-14-7-5-13(6-8-14)15(2,3)4/h5-8,12H,9-11H2,1-4H3",3.53943602065054
"InChI=1S/C15H32N2O/c1-3-4-5-6-7-8-9-10-11-12-13-14-15-17(2)16-18/h3-15H2,1-2H3",5.19148065408148
"InChI=1S/C15H9NO4/c1-8-6-7-11-12(13(8)16(19)20)15(18)10-5-3-2-4-9(10)14(11)17/h2-7H,1H3",3.49849959787514
"InChI=1S/C16H12ClNO2/c1-2-16(20-15(18)19,12-6-4-3-5-7-12)13-8-10-14(17)11-9-13/h1,3-11H,(H2,18,19)",4.51245326948899
"InChI=1S/C16H12N2O/c19-15-11-10-12-6-4-5-9-14(12)16(15)18-17-13-7-2-1-3-8-13/h1-11,17H",3.92659335677243
"InChI=1S/C16H12N2O4/c1-21-15-7-11(3-5-13(15)17-9-19)12-4-6-14(18-10-20)16(8-12)22-2/h3-8H,1-2H3",2.25951121358256
"InChI=1S/C16H14O6/c17-10-2-1-8-13-9-4-12(19)11(18)3-7(9)5-16(13,21)6-22-15(8)14(10)20/h1-4,13,17-21H,5-6H2",2.48040768946736
"InChI=1S/C16H15NO2/c17-15-11-5-4-10-14(15)16(18)19-12-6-9-13-7-2-1-3-8-13/h1-11H,12,17H2",1.32084261832153
"InChI=1S/C16H16N2O4S/c1-11(19)17-13-3-7-15(8-4-13)23(21,22)16-9-5-14(6-10-16)18-12(2)20/h3-10H,1-2H3,(H,17,19)(H,18,20)",3.7765539507494
"InChI=1S/C16H16N4O4S/c21-9-7-19(8-10-22)16-11-3-1-2-4-12(11)17-15(18-16)13-5-6-14(25-13)20(23)24/h1-6,21-22H,7-10H2",5.0598416376362
"InChI=1S/C16H17NO2/c1-18-15-9-10-16(19-2)13(11-15)6-3-12-4-7-14(17)8-5-12/h3-11H,17H2,1-2H3",5.54913545266613
"InChI=1S/C16H19ClN4O2S/c1-10-4-3-5-12(11(10)2)19-14-8-13(17)20-16(21-14)24-9-15(23)18-6-7-22/h3-5,8,22H,6-7,9H2,1-2H3,(H,18,23)(H,19,20,21)",4.7522633596561
"InChI=1S/C16H23NO6/c1-9-13(18)23-11-5-7-17-6-4-10(12(11)17)8-22-14(19)16(3,21)15(9,2)20/h4,9,11-12,20-21H,5-8H2,1-3H3",5.53923230134191
"InChI=1S/C17H12O6/c1-20-10-6-11-14(8-4-5-21-17(8)22-11)15-13(10)7-2-3-9(18)12(7)16(19)23-15/h4-6,8,17H,2-3H2,1H3",7.98938529166451
"InChI=1S/C17H13N3O3/c1-11-6-8-14(15(10-11)20(22)23)18-19-17-13-5-3-2-4-12(13)7-9-16(17)21/h2-10,18H,1H3",2.41938178621271
"InChI=1S/C17H14O6/c1-20-10-6-11-14(8-4-5-21-17(8)22-11)15-13(10)7-2-3-9(18)12(7)16(19)23-15/h4-6,8-9,17-18H,2-3H2,1H3",8.10463291879122
"InChI=1S/C17H15NO2/c1-11(19)18(12(2)20)17-9-5-8-15-14-7-4-3-6-13(14)10-16(15)17/h3-9H,10H2,1-2H3",4.14499428935951
"InChI=1S/C17H17ClO3/c1-17(2,16(19)20-3)21-15-10-6-13(7-11-15)12-4-8-14(18)9-5-12/h4-11H,1-3H3",4.80454118344048
"InChI=1S/C17H21N3/c1-19(2)15-9-5-13(6-10-15)17(18)14-7-11-16(12-8-14)20(3)4/h5-12,18H,1-4H3",4.38571820414063
"InChI=1S/C17H22N2/c1-18(2)16-9-5-14(6-10-16)13-15-7-11-17(12-8-15)19(3)4/h5-12H,13H2,1-4H3",4.19062221267017
"InChI=1S/C17H22N2O/c1-17(20-14-13-19(2)3,15-9-5-4-6-10-15)16-11-7-8-12-18-16/h4-12H,13-14H2,1-3H3",2.22513166122608
"InChI=1S/C18H12O6/c1-21-11-7-12-13(8-5-6-22-18(8)24-12)17-15(11)16(20)14-9(19)3-2-4-10(14)23-17/h2-8,18-19H,1H3",6.32908233517033
"InChI=1S/C18H14N4O5S/c23-16-9-6-13(11-15(16)18(24)25)21-20-12-4-7-14(8-5-12)28(26,27)22-17-3-1-2-10-19-17/h1-11,20H,(H,19,22)(H,24,25)",2.39891533776839
"InChI=1S/C18H16N2O7S2/c1-10-3-6-15(11(2)7-10)19-20-17-14-9-13(28(22,23)24)5-4-12(14)8-16(18(17)21)29(25,26)27/h3-9,19H,1-2H3,(H,22,23,24)(H,25,26,27)",3.0218972471489
"InChI=1S/C18H16N2O7S2/c1-10-7-11(2)16(28(22,23)24)8-14(10)19-20-15-9-17(29(25,26)27)12-5-3-4-6-13(12)18(15)21/h3-9,19H,1-2H3,(H,22,23,24)(H,25,26,27)",1.73092448964984
"InChI=1S/C18H18Cl2N2O3/c1-24-15-7-6-11(8-16(15)25-12-4-2-3-5-12)18(23)22-17-13(19)9-21-10-14(17)20/h6-10,12H,2-5H2,1H3,(H,21,22,23)",5.39369209325426
"InChI=1S/C18H20O2/c1-3-17(13-5-9-15(19)10-6-13)18(4-2)14-7-11-16(20)12-8-14/h5-12,19-20H,3-4H2,1-2H3",6.08039706025242
"InChI=1S/C18H22ClNO/c1-16(15-21-18-10-6-3-7-11-18)20(13-12-19)14-17-8-4-2-5-9-17/h2-11,16H,12-15H2,1H3",5.44519858099726
"InChI=1S/C18H25NO6/c1-3-12-8-11(2)18(23,10-20)17(22)24-9-13-4-6-19-7-5-14(15(13)19)25-16(12)21/h3-4,11,14-15,20,23H,5-10H2,1-2H3",5.61028744666005
"InChI=1S/C18H25NO7/c1-3-12-8-11(2)18(23,10-20)17(22)25-9-13-4-6-19(24)7-5-14(15(13)19)26-16(12)21/h3-4,11,14-15,20,23H,5-10H2,1-2H3",5.71021856431383
"InChI=1S/C19H16ClNO4/c1-11-15(10-18(22)23)16-9-14(25-2)7-8-17(16)21(11)19(24)12-3-5-13(20)6-4-12/h3-9H,10H2,1-2H3,(H,22,23)",5.49292720183966
"InChI=1S/C19H17N3/c20-16-7-1-13(2-8-16)19(14-3-9-17(21)10-4-14)15-5-11-18(22)12-6-15/h1-12,20H,21-22H2",3.86292782616754
"InChI=1S/C19H18N2O7S2/c1-10-6-12(3)16(7-11(10)2)20-21-18-15-5-4-14(29(23,24)25)8-13(15)9-17(19(18)22)30(26,27)28/h4-9,22H,1-3H3,(H,23,24,25)(H,26,27,28)",2.93684502150204
"InChI=1S/C19H20N2O2/c1-2-3-14-17-18(22)20(15-10-6-4-7-11-15)21(19(17)23)16-12-8-5-9-13-16/h4-13,17H,2-3,14H2,1H3",2.42462032827065
"InChI=1S/C19H20O4/c1-2-3-13-22-18(20)16-11-7-8-12-17(16)19(21)23-14-15-9-5-4-6-10-15/h4-12H,2-3,13-14H2,1H3",2.47762165774831
"InChI=1S/C19H27NO6/c1-5-13-10-12(2)19(3,24)18(23)25-11-14-6-8-20(4)9-7-15(16(14)21)26-17(13)22/h5-6,12,15,24H,7-11H2,1-4H3",5.33234434267855
"InChI=1S/C19H27NO7/c1-11-9-19(12(2)27-19)17(23)26-14-6-8-20(4)7-5-13(15(14)21)10-25-16(22)18(11,3)24/h5,11-12,14,24H,6-10H2,1-4H3",5.61667276848548
"InChI=1S/C19H28O2/c1-18-9-7-13(20)11-12(18)3-4-14-15-5-6-17(21)19(15,2)10-8-16(14)18/h3,13-16,20H,4-11H2,1-2H3",3.53834552237071
"InChI=1S/C19H30O5/c1-3-5-7-20-8-9-21-10-11-22-14-17-13-19-18(23-15-24-19)12-16(17)6-4-2/h12-13H,3-11,14-15H2,1-2H3",2.72807605152009
"InChI=1S/C20H14N2O10S3/c23-16-7-5-11-9-12(33(24,25)26)10-18(35(30,31)32)19(11)20(16)22-21-15-6-8-17(34(27,28)29)14-4-2-1-3-13(14)15/h1-10,21H,(H,24,25,26)(H,27,28,29)(H,30,31,32)",1.34204430114055
"InChI=1S/C20H14N2O10S3/c23-20-18(35(30,31)32)10-11-9-12(33(24,25)26)5-6-13(11)19(20)22-21-16-7-8-17(34(27,28)29)15-4-2-1-3-14(15)16/h1-10,21H,(H,24,25,26)(H,27,28,29)(H,30,31,32)",2.56389305075691
"InChI=1S/C20H14O4/c21-15-9-5-13(6-10-15)20(14-7-11-16(22)12-8-14)18-4-2-1-3-17(18)19(23)24-20/h1-12,21-22H",2.547661208712
"InChI=1S/C20H16O8/c1-23-10-7-11-13(8-4-5-26-20(8)27-11)18-15(10)16(22)14-9(21)6-12(24-2)17(25-3)19(14)28-18/h4-8,20-21H,1-3H3",6.02360990823094
"InChI=1S/C20H19NO3/c1-20(2)10-9-13-15(24-20)11-16(23-4)17-18(13)21(3)14-8-6-5-7-12(14)19(17)22/h5-11H,1-4H3",5.8037136843846
"InChI=1S/C20H22O3/c1-20(2,19(21)22)23-16-12-10-15(11-13-16)18-9-5-7-14-6-3-4-8-17(14)18/h3-4,6,8,10-13,18H,5,7,9H2,1-2H3,(H,21,22)",4.45051069824697
"InChI=1S/C20H24O2/c1-3-20(22)11-9-18-17-6-4-13-12-14(21)5-7-15(13)16(17)8-10-19(18,20)2/h1,5,7,12,16-18,21-22H,4,6,8-11H2,2H3",6.17085318540029
"InChI=1S/C20H31NO6/c1-6-13(4)18(23)27-16-8-10-21-9-7-15(17(16)21)11-26-19(24)20(25,12(2)3)14(5)22/h6-7,12,14,16-17,22,25H,8-11H2,1-5H3",5.30041939424586
"InChI=1S/C21H27N5O2S/c1-14-4-5-15(11-24-14)10-16-12-25-20(26-19(16)27)23-8-9-29-13-17-6-7-18(28-17)21(2,3)22/h4-7,11-12H,8-10,13,22H2,1-3H3,(H2,23,25,26,27)",2.09017572556797
"InChI=1S/C21H27NO7/c1-6-15-11-13(2)21(4,29-14(3)23)20(26)27-12-16-7-9-22(5)10-8-17(18(16)24)28-19(15)25/h6-7,11,13,17H,1,8-10,12H2,2-5H3",5.90895830273325
"InChI=1S/C21H28O5/c1-19-7-5-13(23)9-12(19)3-4-14-15-6-8-21(26,17(25)11-22)20(15,2)10-16(24)18(14)19/h5,7,9,14-16,18,22,24,26H,3-4,6,8,10-11H2,1-2H3",5.37214636977696
"InChI=1S/C21H30O3/c1-13(22)24-15-8-10-20(2)14(12-15)4-5-16-17-6-7-19(23)21(17,3)11-9-18(16)20/h4,15-18H,5-12H2,1-3H3",3.82363866766537
"InChI=1S/C21H32O3/c1-19-11-13(12-22)18(23)10-14(19)4-5-15-16(19)6-8-20(2)17(15)7-9-21(20,3)24/h12,14-17,22,24H,4-11H2,1-3H3",3.69633548940942
"InChI=1S/C21H33NO7/c1-7-13(2)18(23)29-16-9-11-22-10-8-15(17(16)22)12-28-19(24)21(26,14(3)27-6)20(4,5)25/h7-8,14,16-17,25-26H,9-12H2,1-6H3",6.02440894536384
"InChI=1S/C22H28O3/c1-4-22(25-14(2)23)12-10-20-19-7-5-15-13-16(24)6-8-17(15)18(19)9-11-21(20,22)3/h1,13,17-20H,5-12H2,2-3H3",5.24425913484421
"InChI=1S/C22H32O2/c1-17(9-7-10-18(2)14-16-24-20(4)23)12-13-21-19(3)11-8-15-22(21,5)6/h7,9-10,12-14H,8,11,15-16H2,1-6H3",3.41960989258964
"InChI=1S/C23H31NO2/c1-6-22(26-19(3)25)23(17-18(2)24(4)5,20-13-9-7-10-14-20)21-15-11-8-12-16-21/h7-16,18,22H,6,17H2,1-5H3",3.71587780259547
"InChI=1S/C24H26FNO4/c1-15(2)26-21-6-4-3-5-20(21)24(16-7-9-17(25)10-8-16)22(26)12-11-18(27)13-19(28)14-23(29)30/h3-12,15,18-19,27-28H,13-14H2,1-2H3,(H,29,30)",3.51742394167405
"InChI=1S/C24H38O4/c1-5-9-13-19(7-3)17-27-23(25)21-15-11-12-16-22(21)24(26)28-18-20(8-4)14-10-6-2/h11-12,15-16,19-20H,5-10,13-14,17-18H2,1-4H3",2.73677040302587
"InChI=1S/C26H29NO/c1-4-25(21-11-7-5-8-12-21)26(22-13-9-6-10-14-22)23-15-17-24(18-16-23)28-20-19-27(2)3/h5-18H,4,19-20H2,1-3H3",4.9722806996673
"InChI=1S/C26H36O6/c1-4-5-6-22-31-21-12-18-17-8-7-15-11-16(28)9-10-24(15,2)23(17)19(29)13-25(18,3)26(21,32-22)20(30)14-27/h9-11,17-19,21-23,27,29H,4-8,12-14H2,1-3H3",6.18403788324544
"InChI=1S/C27H50O6/c1-4-7-10-13-16-19-25(28)31-22-24(33-27(30)21-18-15-12-9-6-3)23-32-26(29)20-17-14-11-8-5-2/h24H,4-23H2,1-3H3",1.93315552252686
"InChI=1S/C2H2Cl2O2/c3-1(4)2(5)6/h1H,(H,5,6)",2.90356684209959
"InChI=1S/C2H2ClF3/c3-1-2(4,5)6/h1H2",3.13264986225449
"InChI=1S/C2H2F4/c3-1-2(4,5)6/h1H2",0.533060529194463
"InChI=1S/C2H3Br/c1-2-3/h2H,1H2",3.76200581191281
"InChI=1S/C2H3Cl/c1-2-3/h2H,1H2",4.00982435354065
"InChI=1S/C2H3Cl2F/c1-2(3,4)5/h1H3",1.34701076846994
"InChI=1S/C2H3F/c1-2-3/h2H,1H2",3.36213946534549
"InChI=1S/C2H4N4/c3-2-4-1-5-6-2/h1H,(H3,3,4,5,6)",3.9273069384528
"InChI=1S/C2H4O/c1-2-3/h2H,1H3",2.45927972055858
"InChI=1S/C2H5Br/c1-2-3/h2H2,1H3",2.86410115334094
"InChI=1S/C2H5ClO/c1-4-2-3/h2H2,1H3",4.16550439854075
"InChI=1S/C2H5N3O2/c1-5(4-7)2(3)6/h1H3,(H2,3,6)",6.04609509705206
"InChI=1S/C2H5NO/c1-2(3)4/h1H3,(H2,3,4)",2.51607417320709
"InChI=1S/C2H5NO2/c1-5-2(3)4/h1H3,(H2,3,4)",3.12263054599267
"InChI=1S/C2H5NO2/c3-1-2(4)5/h1,3H2,(H,4,5)",0.465513853849645
"InChI=1S/C2H5NS/c1-2(3)4/h1H3,(H2,3,4)",3.81513774532087
"InChI=1S/C2H6O/c1-2-3/h3H,2H2,1H3",0.703885129161544
"InChI=1S/C32H24N6O14S4/c33-23-13-21(53(41,42)43)9-17-11-25(55(47,48)49)29(31(39)27(17)23)37-35-19-5-1-15(2-6-19)16-3-7-20(8-4-16)36-38-30-26(56(50,51)52)12-18-10-22(54(44,45)46)14-24(34)28(18)32(30)40/h1-14,35-36H,33-34H2,(H,41,42,43)(H,44,45,46)(H,47,48,49)(H,50,51,52)",5.68872271011469
"InChI=1S/C32H24N6O16S4/c33-19-11-17(55(43,44)45)5-15-9-25(57(49,50)51)29(31(41)27(15)19)37-35-21-3-1-13(7-23(21)39)14-2-4-22(24(40)8-14)36-38-30-26(58(52,53)54)10-16-6-18(56(46,47)48)12-20(34)28(16)32(30)42/h1-12,35-36,39-40H,33-34H2,(H,43,44,45)(H,46,47,48)(H,49,50,51)(H,52,53,54)",2.74701465834237
"InChI=1S/C32H40BrN5O5/c1-16(2)12-24-29(40)37-11-7-10-25(37)32(42)38(24)30(41)31(43-32,17(3)4)35-28(39)18-13-20-19-8-6-9-22-26(19)21(27(33)34-22)14-23(20)36(5)15-18/h6,8-9,13,16-18,23-25,34,42H,7,10-12,14-15H2,1-5H3,(H,35,39)",4.28834258380051
"InChI=1S/C33H40N2O9/c1-38-19-7-8-20-21-9-10-35-16-18-13-27(44-32(36)17-11-25(39-2)30(41-4)26(12-17)40-3)31(42-5)28(33(37)43-6)22(18)15-24(35)29(21)34-23(20)14-19/h7-8,11-12,14,18,22,24,27-28,31,34H,9-10,13,15-16H2,1-6H3",6.29866674925968
"InChI=1S/C34H27N9O7S2/c35-22-10-15-27(26(36)18-22)41-38-24-11-6-19(7-12-24)20-8-13-25(14-9-20)40-42-32-28(51(45,46)47)16-21-17-29(52(48,49)50)33(34(44)30(21)31(32)37)43-39-23-4-2-1-3-5-23/h1-18,39H,35-37H2,(H,45,46,47)(H,48,49,50)",5.72490424866783
"InChI=1S/C34H28N6O16S4/c1-55-25-9-15(3-5-23(25)37-39-31-27(59(49,50)51)11-17-7-19(57(43,44)45)13-21(35)29(17)33(31)41)16-4-6-24(26(10-16)56-2)38-40-32-28(60(52,53)54)12-18-8-20(58(46,47)48)14-22(36)30(18)34(32)42/h3-14,37-38H,35-36H2,1-2H3,(H,43,44,45)(H,46,47,48)(H,49,50,51)(H,52,53,54)",4.51725877549488
"InChI=1S/C34H59NO15/c1-5-6-9-20(3)32(50-31(44)17-23(34(47)48)15-29(41)42)27(49-30(43)16-22(33(45)46)14-28(39)40)13-19(2)12-24(36)10-7-8-11-25(37)18-26(38)21(4)35/h19-27,32,36-38H,5-18,35H2,1-4H3,(H,39,40)(H,41,42)(H,45,46)(H,47,48)",5.68234366876992
"InChI=1S/C35H45Cl2NO6/c1-33-14-12-26(39)20-24(33)8-11-27-28-13-15-35(43,34(28,2)21-29(40)32(27)33)30(41)22-44-31(42)5-3-4-23-6-9-25(10-7-23)38(18-16-36)19-17-37/h6-7,9-10,12,14,20,27-29,32,40,43H,3-5,8,11,13,15-19,21-22H2,1-2H3",4.5273616057337
"InChI=1S/C37H30N4O10S3/c1-22-4-13-30(14-5-22)54(49,50)51-29-11-9-28(10-12-29)38-39-32-15-6-25(18-23(32)2)26-7-16-33(24(3)19-26)40-41-37-34(42)17-8-27-20-31(52(43,44)45)21-35(36(27)37)53(46,47)48/h4-21,40H,1-3H3,(H,43,44,45)(H,46,47,48)",5.30594405884234
"InChI=1S/C37H36N2O6S2/c1-3-38(26-28-10-8-14-35(24-28)46(40,41)42)33-20-16-31(17-21-33)37(30-12-6-5-7-13-30)32-18-22-34(23-19-32)39(4-2)27-29-11-9-15-36(25-29)47(43,44)45/h5-25H,3-4,26-27H2,1-2H3,(H-,40,41,42,43,44,45)/p+1",2.04349300781318
"InChI=1S/C37H37N2O9S3/c1-3-38(25-27-7-5-9-35(23-27)50(43,44)45)32-17-11-29(12-18-32)37(31-15-21-34(22-16-31)49(40,41)42)30-13-19-33(20-14-30)39(4-2)26-28-8-6-10-36(24-28)51(46,47)48/h5-24H,3-4,25-26H2,1-2H3,(H,40,41,42)(H,43,44,45)(H,46,47,48)",2.12372181723647
"InChI=1S/C39H41N3O6S2/c1-5-41(27-29-9-7-11-37(25-29)49(43,44)45)35-21-15-32(16-22-35)39(31-13-19-34(20-14-31)40(3)4)33-17-23-36(24-18-33)42(6-2)28-30-10-8-12-38(26-30)50(46,47)48/h7-26H,5-6,27-28H2,1-4H3,(H-,43,44,45,46,47,48)/p+1",3.06627682705081
"InChI=1S/C39H59Cl2NO2/c1-27(2)7-6-8-28(3)34-15-16-35-33-14-11-30-26-32(17-19-38(30,4)36(33)18-20-39(34,35)5)44-37(43)25-29-9-12-31(13-10-29)42(23-21-40)24-22-41/h9-13,27-28,32-36H,6-8,14-26H2,1-5H3",6.09092104990939
"InChI=1S/C3H3N/c1-2-3-4/h2H,1H2",3.4969023125058
"InChI=1S/C3H3N3O2S/c4-3-5-1-2(9-3)6(7)8/h1H,(H2,4,5)",3.5124549530458
"InChI=1S/C3H3N3O3/c7-2-1-6(5-9)3(8)4-2/h1H2,(H,4,7,8)",3.46936566794139
"InChI=1S/C3H4Cl2/c4-2-1-3-5/h1-2H,3H2",3.04520284649197
"InChI=1S/C3H5Br2Cl/c4-1-3(5)2-6/h3H,1-2H2",5.96022368501668
"InChI=1S/C3H5N3O/c1-2-6(3-4)5-7/h2H2,1H3",4.43018823330952
"InChI=1S/C3H5N3O4/c4-3(9)6(5-10)1-2(7)8/h1H2,(H2,4,9)(H,7,8)",4.53310469677289
"InChI=1S/C3H5N3O9/c7-4(8)13-1-3(15-6(11)12)2-14-5(9)10/h3H,1-2H2",3.09374041825525
"InChI=1S/C3H5NO/c1-2-3(4)5/h2H,1H2,(H2,4,5)",4.2777035647483
"InChI=1S/C3H6FN3O2/c4-1-2-7(6-9)3(5)8/h1-2H2,(H2,5,8)",6.03373633499879
"InChI=1S/C3H6N2S/c6-3-4-1-2-5-3/h1-2H2,(H2,4,5,6)",4.09918693775148
"InChI=1S/C3H6N6/c4-1-7-2(5)9-3(6)8-1/h(H6,4,5,6,7,8,9)",2.23449731169154
"InChI=1S/C3H6O/c1-3-2-4-3/h3H,2H2,1H3",2.89244724142957
"InChI=1S/C3H6O2/c4-1-3-2-5-3/h3-4H,1-2H2",4.23824864531686
"InChI=1S/C3H7N3O2/c1-2-6(5-8)3(4)7/h2H2,1H3,(H2,4,7)",5.09177340564027
"InChI=1S/C3H7N3O3/c4-3(8)6(5-9)1-2-7/h7H,1-2H2,(H2,4,8)",5.73680813248407
"InChI=1S/C3H7NO/c1-3(2)4-5/h5H,1-2H3",3.78109528908523
"InChI=1S/C3H7NO2/c1-2-6-3(4)5/h2H2,1H3,(H2,4,5)",3.33389460379884
"InChI=1S/C3H8N2O/c1-3-5(2)4-6/h3H2,1-2H3",6.24344982261863
"InChI=1S/C3H8N2O2/c1-5(4-7)2-3-6/h6H,2-3H2,1H3",4.9068939759474
"InChI=1S/C3H9O3P/c1-5-7(3,4)6-2/h1-3H3",2.24858799398046
"InChI=1S/C4H10N2O/c1-3-6(4-2)5-7/h3-4H2,1-2H3",6.58592914451313
"InChI=1S/C4H10N2O2/c1-4(7)3-6(2)5-8/h4,7H,3H2,1-2H3",6.40679575648186
"InChI=1S/C4H10N2O2/c1-6(5-8)3-2-4-7/h7H,2-4H2,1H3",4.85226865945976
"InChI=1S/C4H10N2O3/c1-6(5-9)2-4(8)3-7/h4,7-8H,2-3H2,1H3",5.31730603407234
"InChI=1S/C4H10N2S/c1-5-4(7)6(2)3/h1-3H3,(H,5,7)",3.66100401673522
"InChI=1S/C4H10O/c1-4(2,3)5/h5H,1-3H3",3.05971226749893
"InChI=1S/C4H10O3/c5-1-3-7-4-2-6/h5-6H,1-4H2",1.80569079026105
"InChI=1S/C4H4N2O2/c7-3-1-2-5-4(8)6-3/h1-2H,(H2,5,6,7,8)",2.22283195036795
"InChI=1S/C4H4N2OS/c7-3-1-2-5-4(8)6-3/h1-2H,(H2,5,6,7,8)",4.03218317141919
"InChI=1S/C4H5Cl/c1-3-4(2)5/h3H,1-2H2",3.85020595968309
"InChI=1S/C4H5N3O3/c8-3-1-2-7(6-10)4(9)5-3/h1-2H2,(H,5,8,9)",6.16308884733089
"InChI=1S/C4H5NS/c1-2-3-5-4-6/h2H,1,3H2",3.01404443701918
"InChI=1S/C4H6/c1-3-4-2/h3-4H,1-2H2",2.31648000689718
"InChI=1S/C4H6Cl2/c5-3-1-2-4-6/h1-2H,3-4H2",5.6241389711511
"InChI=1S/C4H6N2/c1-4-5-2-3-6-4/h2-3H,1H3,(H,5,6)",1.97584416755473
"InChI=1S/C4H6N2O2/c7-5-6-3-1-2-4-8-6/h1-2H,3-4H2",3.10016772352692
"InChI=1S/C4H6N2S/c1-6-3-2-5-4(6)7/h2-3H,1H3,(H,5,7)",5.00064676932507
"InChI=1S/C4H6O/c1-2-3-4-5/h2-4H,1H3",4.22240577818607
"InChI=1S/C4H6O2/c1-3-2-4(5)6-3/h3H,2H2,1H3",3.79506978746072
"InChI=1S/C4H6O2/c1-3-6-4(2)5/h3H,1H2,2H3",2.40219449486946
"InChI=1S/C4H7Cl/c1-4(2)3-5/h3H,1-2H3",3.45446656247499
"InChI=1S/C4H7Cl2O4P/c1-8-11(7,9-2)10-3-4(5)6/h3H,1-2H3",4.72525000847988
"InChI=1S/C4H7F3N2O/c1-2-9(8-10)3-4(5,6)7/h2-3H2,1H3",4.79202044591547
"InChI=1S/C4H7N3O2/c1-2-3-7(6-9)4(5)8/h2H,1,3H2,(H2,5,8)",5.5782303932103
"InChI=1S/C4H8/c1-4(2)3/h1H2,2-3H3",1.19878343131215
"InChI=1S/C4H8N2O2/c1-4(7)3-6(2)5-8/h3H2,1-2H3",6.82937334415202
"InChI=1S/C4H8N2O2/c7-4-1-2-6(3-4)5-8/h4,7H,1-3H2",4.18124035590595
"InChI=1S/C4H8O/c1-2-4-3-5-4/h4H,2-3H2,1H3",2.51554703696105
"InChI=1S/C4H9N3O/c8-6-7-3-1-5-2-4-7/h5H,1-4H2",4.11770870012392
"InChI=1S/C4H9N3O2/c1-2-3-7(6-9)4(5)8/h2-3H2,1H3,(H2,5,8)",4.54137164026271
"InChI=1S/C4H9N3O3/c5-4(9)7(6-10)2-1-3-8/h8H,1-3H2,(H2,5,9)",5.17737034989995
"InChI=1S/C4H9N5O3/c1-2-3-8(7-10)4(5)6-9(11)12/h2-3H2,1H3,(H2,5,6)",5.12612942357754
"InChI=1S/C4H9NO/c1-3-4(2)5-6/h6H,3H2,1-2H3",3.06796358800073
"InChI=1S/C4H9NO2/c1-3-4(2)5(6)7/h4H,3H2,1-2H3",4.55697602890656
"InChI=1S/C4H9NO2/c1-4(2)3-7-5-6/h4H,3H2,1-2H3",3.28014479692904
"InChI=1S/C5H10Br2O2/c6-1-5(2-7,3-8)4-9/h8-9H,1-4H2",3.37287834699364
"InChI=1S/C5H10ClN3O3/c6-1-2-7-5(11)9(8-12)3-4-10/h10H,1-4H2,(H,7,11)",5.73992773366565
"InChI=1S/C5H10N2O3/c1-7(6-10)4-2-3-5(8)9/h2-4H2,1H3,(H,8,9)",5.17267128514955
"InChI=1S/C5H10N2O3/c8-4-3-6-2-1-5(9)7-10/h6,8H,1-4H2",4.9095102678332
"InChI=1S/C5H11Cl2N/c1-8(4-2-6)5-3-7/h2-5H2,1H3",7.13636727072558
"InChI=1S/C5H11N3O2/c1-2-3-4-8(7-10)5(6)9/h2-4H2,1H3,(H2,6,9)",5.44835611725117
"InChI=1S/C5H11N3O2/c1-4(2)3-8(7-10)5(6)9/h4H,3H2,1-2H3,(H2,6,9)",4.4869855196073
"InChI=1S/C5H11N3O3/c1-2-6-5(10)8(7-11)3-4-9/h9H,2-4H2,1H3,(H,6,10)",5.45751905678095
"InChI=1S/C5H11N3O3/c1-2-8(7-11)5(10)6-3-4-9/h9H,2-4H2,1H3,(H,6,10)",5.48958486934775
"InChI=1S/C5H11NO2/c1-3-5(4-2)6(7)8/h5H,3-4H2,1-2H3",4.69398060092068
"InChI=1S/C5H12N2O3/c1-5(9)4-7(6-10)2-3-8/h5,8-9H,2-4H2,1H3",5.1621322632001
"InChI=1S/C5H12N2O4/c8-2-1-7(6-11)3-5(10)4-9/h5,8-10H,1-4H2",4.43856589488763
"InChI=1S/C5H12N2S/c1-3-6-5(8)7-4-2/h3-4H2,1-2H3,(H2,6,7,8)",3.74111317273084
"InChI=1S/C5H12O/c1-5(2,3)6-4/h1-4H3",2.09887623769763
"InChI=1S/C5H3Cl3O3/c6-2-1(3(7)8)4(9)11-5(2)10/h3-4,9H",5.57165810167507
"InChI=1S/C5H6O2/c6-4-5-2-1-3-7-5/h1-3,6H,4H2",4.00939755298738
"InChI=1S/C5H7N3OS/c1-4-2-10-5(7-4)8-6-3-9/h2-3H,1H3,(H,6,9)(H,7,8)",4.03807540711732
"InChI=1S/C5H8/c1-4-5(2)3/h4H,1-2H2,3H3",2.33771130253881
"InChI=1S/C5H8N2O/c8-6-7-4-2-1-3-5-7/h1-2H,3-5H2",6.27084696283615
"InChI=1S/C5H8O2/c1-3-5(6)7-4-2/h3H,1,4H2,2H3",2.92495566065548
"InChI=1S/C5H8O2/c1-5(2)3-7-4(5)6/h3H2,1-2H3",2.67622016675032
"InChI=1S/C5H9NO/c7-6-5-3-1-2-4-5/h7H,1-4H2",3.38448661731029
"InChI=1S/C62H86N12O16/c1-27(2)42-59(84)73-23-17-19-36(73)57(82)69(13)25-38(75)71(15)48(29(5)6)61(86)88-33(11)44(55(80)65-42)67-53(78)35-22-21-31(9)51-46(35)64-47-40(41(63)50(77)32(10)52(47)90-51)54(79)68-45-34(12)89-62(87)49(30(7)8)72(16)39(76)26-70(14)58(83)37-20-18-24-74(37)60(85)43(28(3)4)66-56(45)81/h21-22,27-30,33-34,36-37,42-45,48-49H,17-20,23-26,63H2,1-16H3,(H,65,80)(H,66,81)(H,67,78)(H,68,79)",9.05346502648725
"InChI=1S/C6H10N2O/c1-3-5-8(7-9)6-4-2/h3-4H,1-2,5-6H2",3.57070993351463
"InChI=1S/C6H10N2O2/c1-3-4-8(7-10)5-6(2)9/h3H,1,4-5H2,2H3",5.62772008220431
"InChI=1S/C6H10N2O3/c1-5(9)3-8(7-11)4-6(2)10/h3-4H2,1-2H3",5.50800225817358
"InChI=1S/C6H10N3O6P/c1-5-7-4-6(9(10)11)8(5)2-3-15-16(12,13)14/h4H,2-3H2,1H3,(H2,12,13,14)",2.66590622749984
"InChI=1S/C6H10N6O/c1-12(2)11-10-6-4(5(7)13)8-3-9-6/h3H,1-2H3,(H2,7,13)(H,8,9)",5.40925045412189
"InChI=1S/C6H11IO3/c1-4(7)6-9-3-5(2-8)10-6/h4-6,8H,2-3H2,1H3",3.4073895581061
"InChI=1S/C6H11N3O3/c1-3-9(8-12)6(11)7-4-5(2)10/h3-4H2,1-2H3,(H,7,11)",5.98079408207917
"InChI=1S/C6H11NO2/c1-3-5-6(4-2)7(8)9/h5H,3-4H2,1-2H3",4.17360039310343
"InChI=1S/C6H12Cl3O4P/c7-1-4-11-14(10,12-5-2-8)13-6-3-9/h1-6H2",3.51757028189608
"InChI=1S/C6H12ClN3O3/c1-4(11)3-8-6(12)10(9-13)5(2)7/h4-5,11H,3H2,1-2H3,(H,8,12)",6.22803299220081
"InChI=1S/C6H12ClN3O3/c1-5(11)4-10(9-13)6(12)8-3-2-7/h5,11H,2-4H2,1H3,(H,8,12)",5.38044043365748
"InChI=1S/C6H12N2O/c1-6-4-2-3-5-8(6)7-9/h6H,2-5H2,1H3",3.9872205852549
"InChI=1S/C6H12N2O2/c1-3-4-8(7-10)5-6(2)9/h3,6,9H,1,4-5H2,2H3",5.21588072733583
"InChI=1S/C6H12N2O3/c1-2-3-8(7-11)4-6(10)5-9/h2,6,9-10H,1,3-5H2",5.28813048076696
"InChI=1S/C6H12N2O3/c1-8(2)7-5(9)3-4-6(10)11/h3-4H2,1-2H3,(H,7,9)(H,10,11)",1.80664442064485
"InChI=1S/C6H12N2O4/c1-4(9)2-7-3-5(10)6(11)8-12/h5-7,10-11H,2-3H2,1H3",6.69939076997863
"InChI=1S/C6H12N2OS2/c1-4-8(7-9)5(2)11-6(3)10-4/h4-6H,1-3H3",5.60004209042851
"InChI=1S/C6H12N3PS/c11-10(7-1-2-7,8-3-4-8)9-5-6-9/h1-6H2",6.0621220425065
"InChI=1S/C6H13N3O2/c1-2-3-4-5-9(8-11)6(7)10/h2-5H2,1H3,(H2,7,10)",5.45761297816056
"InChI=1S/C6H13NO/c1-4-7(5-2)6(3)8/h4-5H2,1-3H3",4.11440967116486
"InChI=1S/C6H13NO2S/c1-2-10-4-3-5(7)6(8)9/h5H,2-4,7H2,1H3,(H,8,9)",4.51646753689368
"InChI=1S/C6H14N2O/c1-3-5-8(7-9)6-4-2/h3-6H2,1-2H3",5.84505867820838
"InChI=1S/C6H14N2O3/c1-5(9)3-8(7-11)4-6(2)10/h5-6,9-10H,3-4H2,1-2H3",5.28264567762201
"InChI=1S/C6H14N2O4/c1-5(10)2-8(7-12)3-6(11)4-9/h5-6,9-11H,2-4H2,1H3",6.52252077160583
"InChI=1S/C6H14NO4P/c1-9-12(8,10-2)7-3-5-11-6-4-7/h3-6H2,1-2H3",2.50220797344385
"InChI=1S/C6H18N3OP/c1-7(2)11(10,8(3)4)9(5)6/h1-6H3",6.71678077451204
"InChI=1S/C6H3Cl3O/c7-3-1-4(8)6(10)5(9)2-3/h1-2,10H",2.68799221692202
"InChI=1S/C6H3N3O5/c10-6-8-7-5(14-6)3-1-2-4(13-3)9(11)12/h1-2H,(H,8,10)",4.3596949304692
"InChI=1S/C6H4N4O3S/c7-6-9-8-5(14-6)3-1-2-4(13-3)10(11)12/h1-2H,(H2,7,9)",5.50586098782066
"InChI=1S/C6H4N4O4/c7-6-9-8-5(14-6)3-1-2-4(13-3)10(11)12/h1-2H,(H2,7,9)",4.72785692753684
"InChI=1S/C6H6ClN/c7-4-6-2-1-3-8-5-6/h1-3,5H,4H2",2.4692650848219
"InChI=1S/C6H6ClN/c7-5-1-3-6(8)4-2-5/h1-4H,8H2",4.22379800983566
"InChI=1S/C6H6N2O3/c7-4-1-2-6(9)5(3-4)8(10)11/h1-3,9H,7H2",2.6979103834481
"InChI=1S/C6H6N2O3/c7-5-2-1-4(8(10)11)3-6(5)9/h1-3,9H,7H2",3.14254588408628
"InChI=1S/C6H6N2O3/c7-5-3-4(8(10)11)1-2-6(5)9/h1-3,9H,7H2",2.26410690204423
"InChI=1S/C6H6N4O4/c7-6(11)9-8-3-4-1-2-5(14-4)10(12)13/h1-3H,(H3,7,9,11)",4.45310884527765
"InChI=1S/C6H6O2/c7-5-1-2-6(8)4-3-5/h1-4,7-8H",3.1237987923587
"InChI=1S/C6H6O2/c7-5-3-1-2-4-6(5)8/h1-4,7-8H",3.1875230873425
"InChI=1S/C6H7ClN2/c7-4-1-2-5(8)6(9)3-4/h1-3H,8-9H2",2.82366311246659
"InChI=1S/C6H7ClN2/c7-5-2-1-4(8)3-6(5)9/h1-3H,8-9H2",2.65576633202618
"InChI=1S/C6H7N/c7-6-4-2-1-3-5-6/h1-5H,7H2",2.53932109431475
"InChI=1S/C6H7N3O/c1-9(8-10)6-4-2-3-5-7-6/h2-5H,1H3",5.80674847169807
"InChI=1S/C6H7N3O/c7-9-6(10)5-1-3-8-4-2-5/h1-4H,7H2,(H,9,10)",2.96107098599157
"InChI=1S/C6H8N2/c7-5-3-1-2-4-6(5)8/h1-4H,7-8H2",2.63953950363372
"InChI=1S/C6H8N4O3S/c1-2-7-5(11)9-6-8-3-4(14-6)10(12)13/h3H,2H2,1H3,(H2,7,8,9,11)",3.21762235791599
"InChI=1S/C6H8O/c1-2-3-4-5-6-7/h2-6H,1H3",3.18905554621124
"InChI=1S/C6H9NO/c1-2-7-5-3-4-6(7)8/h2H,1,3-5H2",3.96669618008661
"InChI=1S/C6H9NO6/c8-4(9)1-7(2-5(10)11)3-6(12)13/h1-3H2,(H,8,9)(H,10,11)(H,12,13)",2.71314713104399
"InChI=1S/C7H10N2/c1-5-2-3-6(8)4-7(5)9/h2-4H,8-9H2,1H3",4.69425979990475
"InChI=1S/C7H10N2O/c1-10-7-3-2-5(8)4-6(7)9/h2-4H,8-9H2,1H3",2.8779538668411
"InChI=1S/C7H10N2OS/c1-2-3-5-4-6(10)9-7(11)8-5/h4H,2-3H2,1H3,(H2,8,9,10,11)",4.0943236958231
"InChI=1S/C7H10N6O3/c1-11-4-8-6(12(2)9-15)5(11)7(14)13(3)10-16/h4H,1-3H3",6.09202787894382
"InChI=1S/C7H11N5O2/c1-8-7(13)5-6(12(3)10-14)9-4-11(5)2/h4H,1-3H3,(H,8,13)",5.29489523823356
"InChI=1S/C7H14N4O4/c1-11(10-15)7(14)9-4-2-3-5(8)6(12)13/h5H,2-4,8H2,1H3,(H,9,14)(H,12,13)",5.44290111109626
"InChI=1S/C7H15Cl2N2O2P/c8-2-4-10-14(12)11(6-3-9)5-1-7-13-14/h1-7H2,(H,10,12)",5.54813814818599
"InChI=1S/C7H15Cl2N2O2P/c8-2-5-11(6-3-9)14(12)10-4-1-7-13-14/h1-7H2,(H,10,12)",5.07239031289571
"InChI=1S/C7H15N3O/c1-6-4-10(8-11)5-7(2)9(6)3/h6-7H,4-5H2,1-3H3",6.01751316533564
"InChI=1S/C7H5N3O3S/c8-7-9-4(3-14-7)5-1-2-6(13-5)10(11)12/h1-3H,(H2,8,9)",4.55753599145616
"InChI=1S/C7H5NO4/c9-7(10)5-1-3-6(4-2-5)8(11)12/h1-4H,(H,9,10)",2.76514367166058
"InChI=1S/C7H5NS2/c9-7-8-5-3-1-2-4-6(5)10-7/h1-4H,(H,8,9)",2.6868162528229
"InChI=1S/C7H6N2O4/c1-5-2-3-6(8(10)11)4-7(5)9(12)13/h2-4H,1H3",4.46729847163985
"InChI=1S/C7H6N2O4/c1-5-6(8(10)11)3-2-4-7(5)9(12)13/h2-4H,1H3",5.79500722036801
"InChI=1S/C7H6N4O3S/c8-10-7-9-4(3-15-7)5-1-2-6(14-5)11(12)13/h1-3H,8H2,(H,9,10)",4.85072822015927
"InChI=1S/C7H6N6O3/c8-6-10-5(11-7(9)12-6)3-1-2-4(16-3)13(14)15/h1-2H,(H4,8,9,10,11,12)",5.11367210219075
"InChI=1S/C7H6O3/c8-5-1-2-6-7(3-5)10-4-9-6/h1-3,8H,4H2",2.00992500220592
"InChI=1S/C7H7N3O2/c1-10(9-12)7-4-2-6(8-11)3-5-7/h2-5H,1H3",5.10393391087004
"InChI=1S/C7H7NO/c1-6-4-2-3-5-7(6)8-9/h2-5H,1H3",3.37826742061009
"InChI=1S/C7H7NO2/c1-6-2-4-7(5-3-6)8(9)10/h2-5H,1H3",2.72721835442704
"InChI=1S/C7H7NO2/c1-6-4-2-3-5-7(6)8(9)10/h2-5H,1H3",4.46876556106833
"InChI=1S/C7H8/c1-7-5-3-2-4-6-7/h2-6H,1H3",1.47871933416826
"InChI=1S/C7H8N2O/c1-9(8-10)7-5-3-2-4-6-7/h2-6H,1H3",5.9817334480438
"InChI=1S/C7H8N2O3/c1-12-7-3-2-5(9(10)11)4-6(7)8/h2-4H,8H2,1H3",3.49410836474185
"InChI=1S/C7H8O2/c1-5-2-3-6(8)7(9)4-5/h2-4,8-9H,1H3",2.69945026452264
"InChI=1S/C7H8O2/c1-9-7-4-2-6(8)3-5-7/h2-5,8H,1H3",2.48644692213418
"InChI=1S/C7H9N/c1-6-4-2-3-5-7(6)8/h2-5H,8H2,1H3",3.39051825067687
"InChI=1S/C7H9NO/c1-9-7-5-3-2-4-6(7)8/h2-5H,8H2,1H3",3.61768678314037
"InChI=1S/C7H9NO2S/c1-6-4-2-3-5-7(6)11(8,9)10/h2-5H,1H3,(H2,8,9,10)",1.63585398016826
"InChI=1S/C8H10/c1-2-8-6-4-3-5-7-8/h3-7H,2H2,1H3",3.16504474338833
"InChI=1S/C8H10O/c1-7(9)8-5-3-2-4-6-8/h2-7,9H,1H3",2.42607918832763
"InChI=1S/C8H11N/c1-6-3-4-7(2)8(9)5-6/h3-5H,9H2,1-2H3",2.90158628505065
"InChI=1S/C8H11N/c1-9(2)8-6-4-3-5-7-8/h3-7H,1-2H3",2.98651985998736
"InChI=1S/C8H11N3/c1-11(2)10-9-8-6-4-3-5-7-8/h3-7H,1-2H3",4.81013704921115
"InChI=1S/C8H11NO/c1-6-3-4-8(10-2)7(9)5-6/h3-5H,9H2,1-2H3",3.14606187353477
"InChI=1S/C8H11NO/c1-6-5-7(10-2)3-4-8(6)9/h3-5H,9H2,1-2H3",2.46519009129155
"InChI=1S/C8H12F6N2O/c9-7(10,11)3-1-5-16(15-17)6-2-4-8(12,13)14/h1-6H2",5.55128067545128
"InChI=1S/C8H12N2O3/c1-3-8(4-2)5(11)9-7(13)10-6(8)12/h3-4H2,1-2H3,(H2,9,10,11,12,13)",3.60535597821377
"InChI=1S/C8H12N4O5/c9-7-10-2-12(8(16)11-7)6-5(15)4(14)3(1-13)17-6/h2-6,13-15H,1H2,(H2,9,11,16)",6.15730527464757
"InChI=1S/C8H14ClN5/c1-4-10-7-12-6(9)13-8(14-7)11-5(2)3/h5H,4H2,1-3H3,(H2,10,11,12,13,14)",3.77033523295132
"InChI=1S/C8H14ClNS2/c1-4-10(5-2)8(11)12-6-7(3)9/h3-6H2,1-2H3",3.93319667579242
"InChI=1S/C8H14O2/c1-4-5-10-8(9)6-7(2)3/h4,7H,1,5-6H2,2-3H3",3.06298104666121
"InChI=1S/C8H14O4/c1-5-4-8(11-6(2)9)12-7(3)10-5/h5,7-8H,4H2,1-3H3",2.38612116689312
"InChI=1S/C8H16N2O3/c1-3-5-6-7-10(9-12)8(11)13-4-2/h3-7H2,1-2H3",5.27035431690612
"InChI=1S/C8H18N2O/c1-3-5-7-10(9-11)8-6-4-2/h3-8H2,1-2H3",5.35984206920439
"InChI=1S/C8H18N2O2/c1-2-3-6-10(9-12)7-4-5-8-11/h11H,2-8H2,1H3",5.58123365634316
"InChI=1S/C8H5N3O4S/c12-4-9-8-10-5(3-16-8)6-1-2-7(15-6)11(13)14/h1-4H,(H,9,10,12)",4.75038876702447
"InChI=1S/C8H6N4O5/c13-6-4-11(8(14)10-6)9-3-5-1-2-7(17-5)12(15)16/h1-3H,4H2,(H,10,13,14)",3.1646761112904
"InChI=1S/C8H8/c1-2-8-6-4-3-5-7-8/h2-7H,1H2",3.65029960033674
"InChI=1S/C8H8N2O2/c1-10(9-12)8(11)7-5-3-2-4-6-7/h2-6H,1H3",4.7060685248633
"InChI=1S/C8H8N4O4/c13-8-9-3-4-11(8)10-5-6-1-2-7(16-6)12(14)15/h1-2,5H,3-4H2,(H,9,13)",4.62959891577846
"InChI=1S/C8H8O/c1-2-4-7(5-3-1)8-6-9-8/h1-5,8H,6H2",3.336208588474
"InChI=1S/C8H9NO2/c1-6(10)9-7-2-4-8(11)5-3-7/h2-5,11H,1H3,(H,9,10)",2.48483915425016
"InChI=1S/C9H10N4O3S/c1-12(2)11-9-10-6(5-17-9)7-3-4-8(16-7)13(14)15/h3-5H,1-2H3,(H,10,11)",5.79250597147416
"InChI=1S/C9H10N4O4/c1-6-5-12(9(14)11-6)10-4-7-2-3-8(17-7)13(15)16/h2-4,6H,5H2,1H3,(H,11,14)",4.64940104708824
"InChI=1S/C9H10N4S/c10-7-3-1-6(2-4-7)8-5-14-9(12-8)13-11/h1-5H,10-11H2,(H,12,13)",5.30159610676488
"InChI=1S/C9H10O2/c1-2-4-8(5-3-1)10-6-9-7-11-9/h1-5,9H,6-7H2",3.53314351816948
"InChI=1S/C9H11ClN2O/c1-12(2)9(13)11-8-5-3-7(10)4-6-8/h3-6H,1-2H3,(H,11,13)",3.18081552474853
"InChI=1S/C9H11N3O/c13-11-12-6-2-4-9(12)8-3-1-5-10-7-8/h1,3,5,7,9H,2,4,6H2",6.2675598675758
"InChI=1S/C9H11N3O2/c13-10-12-6-2-4-9(12)8-3-1-5-11(14)7-8/h1,3,5,7,9H,2,4,6H2",5.34350908520181
"InChI=1S/C9H12/c1-7-4-5-8(2)9(3)6-7/h4-6H,1-3H3",1.4413848596212
"InChI=1S/C9H12N2O/c1-11(10-12)8-7-9-5-3-2-4-6-9/h2-6H,7-8H2,1H3",7.21625451343509
"InChI=1S/C9H12N2O2/c1-2-13-8-5-3-7(4-6-8)11-9(10)12/h3-6H,2H2,1H3,(H3,10,11,12)",2.52578990011192
"InChI=1S/C9H13N/c1-6-4-7(2)9(10)8(3)5-6/h4-5H,10H2,1-3H3",4.41750638513513
"InChI=1S/C9H13N/c1-6-4-8(3)9(10)5-7(6)2/h4-5H,10H2,1-3H3",3.60465765083923
"InChI=1S/C9H14N8S3/c10-6-7(17-20-16-6)13-1-2-18-3-5-4-19-9(14-5)15-8(11)12/h4H,1-3H2,(H2,10,16)(H,13,17)(H4,11,12,14,15)",1.82101756437355
"InChI=1S/C9H14O/c1-7-4-8(10)6-9(2,3)5-7/h4H,5-6H2,1-3H3",2.05774435547947
"InChI=1S/C9H15Br6O4P/c10-1-7(13)4-17-20(16,18-5-8(14)2-11)19-6-9(15)3-12/h7-9H,1-6H2",5.26041442149961
"InChI=1S/C9H15Cl6O4P/c10-1-7(2-11)17-20(16,18-8(3-12)4-13)19-9(5-14)6-15/h7-9H,1-6H2",3.96786153715593
"InChI=1S/C9H17NO2/c10-7-9(6-8(11)12)4-2-1-3-5-9/h1-7,10H2,(H,11,12)",1.4664412372466
"InChI=1S/C9H18N3OP/c1-7-4-10(7)14(13,11-5-8(11)2)12-6-9(12)3/h7-9H,4-6H2,1-3H3",4.68357319326289
"InChI=1S/C9H18N6O6/c16-1-13(2-17)7-10-8(14(3-18)4-19)12-9(11-7)15(5-20)6-21/h16-21H,1-6H2",4.47751293655922
"InChI=1S/C9H19N3O2/c1-3-5-7-10-9(13)12(11-14)8-6-4-2/h3-8H2,1-2H3,(H,10,13)",4.6723270779768
"InChI=1S/C9H4Cl6O4/c10-3-4(11)8(13)2(6(18)19)1(5(16)17)7(3,12)9(8,14)15/h1-2H,(H,16,17)(H,18,19)",3.97911289346874
"InChI=1S/C9H4F3N3O4S/c10-9(11,12)7(16)14-8-13-4(3-20-8)5-1-2-6(19-5)15(17)18/h1-3H,(H,13,14,16)",4.655561474368
"InChI=1S/C9H8Cl3NO2S/c10-9(11,12)16-13-7(14)5-3-1-2-4-6(5)8(13)15/h1-2,5-6H,3-4H2",2.1599103265753
"InChI=1S/C9H8N4O2S/c1-13(12-15)9(14)11-8-10-6-4-2-3-5-7(6)16-8/h2-5H,1H3,(H,10,11,14)",5.32029631494156
"InChI=1S/C9H8N4O2S/c10-12-9-11-8(5-16-9)6-1-3-7(4-2-6)13(14)15/h1-5H,10H2,(H,11,12)",4.8668697260201
"InChI=1S/C9H8N4O5/c1-5(14)10-4-7-11-9(12-18-7)6-2-3-8(17-6)13(15)16/h2-3H,4H2,1H3,(H,10,14)",3.62647092481015
"InChI=1S/C9H8O2/c10-9-6-5-7-3-1-2-4-8(7)11-9/h1-4H,5-6H2",1.6979704162467
"InChI=1S/C9H8O4/c10-7-3-1-6(5-8(7)11)2-4-9(12)13/h1-5,10-11H,(H,12,13)",2.78289565623747
"InChI=1S/CCl4/c2-1(3,4)5",3.74297224617139
"InChI=1S/CH4N2S/c2-1(3)4/h(H4,2,3,4)",2.8880736174379
InChI=1S/C11H7N3O3/c15-14(16)11-5-4-9(17-11)8-7-12-10-3-1-2-6-13(8)10/h1-7H,4.22665997757143
InChI=1S/C12Br10O/c13-1-3(15)7(19)11(8(20)4(1)16)23-12-9(21)5(17)2(14)6(18)10(12)22,2.45814812392451
InChI=1S/C12H10N2/c1-3-7-11(8-4-1)13-14-12-9-5-2-6-10-12/h1-10H,3.87858209807416
InChI=1S/C12H24N2O/c15-13-14-11-9-7-5-3-1-2-4-6-8-10-12-14/h1-12H2,4.28958854347125
InChI=1S/C12H4Cl4O2/c13-5-1-9-10(2-6(5)14)18-12-4-8(16)7(15)3-11(12)17-9/h1-4H,10.1367472755469
InChI=1S/C12H4Cl6/c13-7-3-1-5(9(15)11(7)17)6-2-4-8(14)12(18)10(6)16/h1-4H,5.10865216180835
InChI=1S/C12H5Cl5/c13-8-3-1-2-6(10(8)15)7-4-5-9(14)12(17)11(7)16/h1-5H,4.83255095633782
InChI=1S/C12H7Cl2NO3/c13-8-1-6-12(11(14)7-8)18-10-4-2-9(3-5-10)15(16)17/h1-7H,2.83021322983197
InChI=1S/C12H8Cl2/c13-11-5-1-3-9(7-11)10-4-2-6-12(14)8-10/h1-8H,3.15259466192572
InChI=1S/C16H9NO2/c18-17(19)14-9-7-12-5-4-10-2-1-3-11-6-8-13(14)16(12)15(10)11/h1-9H,4.87068890505243
InChI=1S/C20H12/c1-2-7-17-15(4-1)12-16-9-8-13-5-3-6-14-10-11-18(17)20(16)19(13)14/h1-12H,5.42147536642318
InChI=1S/C2Cl2/c3-1-2-4,4.42350581432894
InChI=1S/C2Cl4/c3-1(4)2(5)6,3.05830086007427
InChI=1S/C2F4/c3-1(4)2(5)6,2.97068136160175
InChI=1S/C2H3N3O/c1-5(2-3)4-6/h1H3,5.24850880103997
InChI=1S/C2H4Br2/c3-1-2-4/h1-2H2,5.09199350420523
InChI=1S/C2H4Cl2/c3-1-2-4/h1-2H2,3.83110051122664
InChI=1S/C2H4Cl2O/c3-1-5-2-4/h1-2H2,7.50787098337271
InChI=1S/C2H4O/c1-2-3-1/h1-2H2,3.31559154793745
InChI=1S/C2H6N2O/c1-3-4(2)5/h1-2H3,6.2013263128505
InChI=1S/C2H6N2O/c1-4(2)3-5/h1-2H3,5.88789362236984
InChI=1S/C2H6N2O2/c1-3(2)4(5)6/h1-2H3,5.21664741512273
InChI=1S/C2H6O3P/c1-4-6(3)5-2/h1-2H3/q+1,2.89457502544569
InChI=1S/C3H4N2O3/c6-3-5(4-7)1-2-8-3/h1-2H2,5.47927983357512
InChI=1S/C3H4O2/c4-2-1-3-5/h1-4H,2.77135045822477
InChI=1S/C3H4O2/c4-3-1-2-5-3/h1-2H2,4.69335743311508
InChI=1S/C3H6O3S/c4-7(5)3-1-2-6-7/h1-3H2,4.50254055834192
InChI=1S/C4H4O/c1-2-4-5-3-1/h1-4H,5.23528582920274
InChI=1S/C4H8N2O/c7-5-6-3-1-2-4-6/h1-4H2,5.09797059141671
InChI=1S/C4H8N2O2/c7-5-6-1-3-8-4-2-6/h1-4H2,6.02747529311894
InChI=1S/C4H8N2O2/c7-5-6-3-1-2-4-8-6/h1-4H2,3.67929551746126
InChI=1S/C4H8N2OS/c7-5-6-1-3-8-4-2-6/h1-4H2,4.38959406728401
InChI=1S/C4H8N4O2/c9-5-7-2-1-3-8(4-7)6-10/h1-4H2,5.93865262629478
InChI=1S/C4H8O2/c1-2-6-4-3-5-1/h1-4H2,2.51848993496835
InChI=1S/C5H10N2O/c8-6-7-4-2-1-3-5-7/h1-5H2,4.90212389876959
InChI=1S/C5H4O2/c6-4-5-2-1-3-7-5/h1-4H,2.14823064206993
InChI=1S/C5H5N/c1-2-4-6-5-3-1/h1-5H,3.07016108984666
InChI=1S/C6Cl6/c7-1-2(8)4(10)6(12)5(11)3(1)9,4.86792279102072
InChI=1S/C6H4Cl2/c7-5-1-2-6(8)4-3-5/h1-4H,2.35843560350659
InChI=1S/C6H5Cl/c7-6-4-2-1-3-5-6/h1-5H,2.658674012621
InChI=1S/C6H5NO2/c8-7(9)6-4-2-1-3-5-6/h1-5H,3.68375103425424
InChI=1S/C6H6/c1-2-4-6-5-3-1/h1-6H,2.66483016353938
InChI=1S/C6H6Cl6/c7-1-2(8)4(10)6(12)5(11)3(1)9/h1-6H,4.41441834335918
InChI=1S/C6HCl5O/c7-1-2(8)4(10)6(12)5(11)3(1)9/h12H,4.30815710973096
InChI=1S/C7H14N2O/c10-8-9-6-4-2-1-3-5-7-9/h1-7H2,6.57540443702222
InChI=1S/C7H3Cl5O/c1-13-7-5(11)3(9)2(8)4(10)6(7)12/h1H3,4.05326684897433
InChI=1S/C7H4N2O3S/c10-9(11)7-2-1-6(12-7)5-3-13-4-8-5/h1-4H,4.40730325057983
InChI=1S/C8Cl4N2/c9-5-3(1-13)6(10)8(12)7(11)4(5)2-14,2.06870864950788
InChI=1S/C8H6O/c1-2-4-8-7(3-1)5-6-9-8/h1-6H,2.44500390593528
InChI=1S/C9H16N2O2S2/c14-9(10-1-5-12-6-2-10)15-11-3-7-13-8-4-11/h1-8H2,3.43700909218242
InChI=1S/C9H6N2O2/c12-11(13)8-5-1-3-7-4-2-6-10-9(7)8/h1-6H,4.24882745226403
InChI=1S/C9H6O2/c10-9-6-5-7-3-1-2-4-8(7)11-9/h1-6H,3.57149105969388
InChI=1S/CH2Cl2/c2-1-3/h1H2,2.06933268261446
InChI=1S/CH3NO2/c1-2(3)4/h1H3,3.17923358673098
InChI=1S/CH4N2O2/c2-1-3(4)5/h1-2H2,3.64057703771581
InChI=1S/CHBr3/c2-1(3)4/h1H,2.59108282254156
InChI=1S/CHBrCl2/c2-1(3)4/h1H,3.35405012288194
InChI=1S/CHCl3/c2-1(3)4/h1H,2.65861827794525
